date,shift,team_leader,group,part_number,PO_number,qty_launched,shift_norm,PO_status,tube_fitting,QC_isual,QC_imension,QC_softness,QC_overlap,QC_rubber,OK_qty,scrap_softness,scrap_overlap,scrap_welding,scrap_deformation,scrap_holes,scrap_rubber,scrap_tube,total_scrap,scrap%,Break
2025-01-01,Morning,John,1,100005078.00.06,4000001,765,750,open,ok,ok,ok,nok,nok,ok,751,8,3,0,0,3,0,0,14,"1,83",10:00-10:30
2025-01-01,Morning,John,1,100005081.00.05,4000001,765,750,open,na,ok,ok,nok,nok,ok,756,4,3,0,2,0,0,0,9,"1,18",10:00-10:30
2025-01-01,Morning,John,1,100005058.00.05,4000001,765,750,open,na,ok,ok,nok,nok,ok,758,3,3,0,0,1,0,0,7,"0,92",10:00-10:30
2025-01-01,Afternoon,Alex,1,100005078.00.06,4000001,435,720,CLOSED,ok,ok,ok,nok,nok,ok,431,2,1,0,1,0,0,0,4,"0,92",18:00-18:30
2025-01-01,Afternoon,Alex,1,100005081.00.05,4000001,435,720,CLOSED,na,ok,ok,nok,nok,ok,427,5,1,0,2,0,0,0,8,"1,84",18:00-18:30
2025-01-01,Afternoon,Alex,1,100005058.00.05,4000001,435,720,CLOSED,na,ok,ok,nok,nok,ok,431,2,1,0,1,0,0,0,4,"0,92",18:00-18:30
2025-01-01,Afternoon,Alex,1,100005078.00.06,4000004,309,720,open,ok,ok,ok,nok,ok,ok,306,2,0,0,1,0,0,0,3,"0,97",18:00-18:30
2025-01-01,Afternoon,Alex,1,100005081.00.05,4000004,309,720,open,na,ok,ok,nok,ok,ok,307,1,0,0,0,1,0,0,2,"0,65",18:00-18:30
2025-01-01,Afternoon,Alex,1,100005058.00.05,4000004,309,720,open,na,ok,ok,nok,nok,ok,305,2,1,1,0,0,0,0,4,"1,29",18:00-18:30
2025-01-02,Morning,John,2,100005035.00.03,4000002,726,750,open,na,ok,ok,nok,ok,ok,723,2,0,0,0,1,0,0,3,"0,41",10:00-10:30
2025-01-02,Morning,John,2,100005039.00.04,4000002,726,750,open,na,ok,ok,nok,nok,ok,717,6,2,1,0,0,0,0,9,"1,24",10:00-10:30
2025-01-02,Afternoon,Alex,2,100005035.00.03,4000002,474,720,CLOSED,na,ok,ok,nok,ok,ok,472,1,0,1,0,0,0,0,2,"0,42",18:00-18:30
2025-01-02,Afternoon,Alex,2,100005039.00.04,4000002,474,720,CLOSED,na,ok,ok,nok,ok,ok,471,2,0,1,0,0,0,0,3,"0,63",18:00-18:30
2025-01-02,Afternoon,Alex,2,100005035.00.03,4000005,276,720,open,na,ok,ok,nok,ok,ok,273,2,0,0,0,1,0,0,3,"1,09",18:00-18:30
2025-01-02,Afternoon,Alex,2,100005039.00.04,4000005,276,720,open,na,ok,ok,nok,ok,ok,273,2,0,0,1,0,0,0,3,"1,09",18:00-18:30
2025-01-03,Morning,John,3,100005049.00.03,4000003,751,750,open,na,ok,ok,nok,nok,ok,746,3,1,1,0,0,0,0,5,"0,67",10:00-10:30
2025-01-03,Morning,John,3,100005051.00.04,4000003,751,750,open,na,ok,ok,nok,nok,ok,747,2,1,1,0,0,0,0,4,"0,53",10:00-10:30
2025-01-03,Afternoon,Alex,3,100005049.00.03,4000003,449,720,CLOSED,na,ok,ok,ok,ok,ok,449,0,0,0,0,0,0,0,0,0,18:00-18:30
2025-01-03,Afternoon,Alex,3,100005051.00.04,4000003,449,720,CLOSED,na,ok,ok,nok,nok,ok,442,4,1,2,0,0,0,0,7,"1,56",18:00-18:30
2025-01-03,Afternoon,Alex,3,100005049.00.03,4000006,275,720,open,na,ok,ok,nok,ok,ok,273,1,0,1,0,0,0,0,2,"0,73",18:00-18:30
2025-01-03,Afternoon,Alex,3,100005051.00.04,4000006,275,720,open,na,ok,ok,nok,nok,ok,270,3,1,0,0,1,0,0,5,"1,82",18:00-18:30
2025-01-06,Morning,John,3,100005049.00.03,4000006,702,750,open,na,ok,ok,nok,nok,ok,698,2,1,0,0,1,0,0,4,"0,57",10:00-10:30
2025-01-06,Morning,John,3,100005051.00.04,4000006,702,750,open,na,ok,ok,nok,nok,ok,696,4,1,1,0,0,0,0,6,"0,85",10:00-10:30
2025-01-06,Afternoon,Alex,3,100005049.00.03,4000006,223,720,CLOSED,na,ok,ok,nok,ok,ok,221,1,0,1,0,0,0,0,2,"0,9",18:00-18:30
2025-01-06,Afternoon,Alex,3,100005051.00.04,4000006,223,720,CLOSED,na,ok,ok,nok,nok,ok,220,2,1,0,0,0,0,0,3,"1,35",18:00-18:30
2025-01-06,Afternoon,Alex,3,100005049.00.03,4000009,489,720,open,na,ok,ok,nok,nok,ok,484,3,1,0,0,1,0,0,5,"1,02",18:00-18:30
2025-01-06,Afternoon,Alex,3,100005051.00.04,4000009,489,720,open,na,ok,ok,nok,nok,ok,484,3,1,1,0,0,0,0,5,"1,02",18:00-18:30
2025-01-07,Morning,John,1,100005078.00.06,4000007,557,720,CLOSED,ok,ok,ok,nok,nok,ok,548,5,3,1,0,0,0,0,9,"1,62",10:00-10:30
2025-01-07,Morning,John,1,100005081.00.05,4000007,557,720,CLOSED,na,ok,ok,nok,nok,ok,554,1,1,0,1,0,0,0,3,"0,54",10:00-10:30
2025-01-07,Morning,John,1,100005058.00.05,4000007,557,720,CLOSED,na,ok,ok,nok,ok,ok,555,1,0,0,1,0,0,0,2,"0,36",10:00-10:30
2025-01-07,Morning,John,1,100005078.00.06,4000010,180,720,open,ok,ok,ok,nok,ok,ok,179,1,0,0,0,0,0,0,1,"0,56",10:00-10:30
2025-01-07,Morning,John,1,100005081.00.05,4000010,180,720,open,na,ok,ok,nok,nok,ok,178,1,1,0,0,0,0,0,2,"1,11",10:00-10:30
2025-01-07,Morning,John,1,100005058.00.05,4000010,180,720,open,na,ok,ok,ok,ok,ok,180,0,0,0,0,0,0,0,0,0,10:00-10:30
2025-01-07,Afternoon,Alex,1,100005078.00.06,4000010,769,750,open,ok,ok,ok,nok,nok,ok,760,4,2,3,0,0,0,0,9,"1,17",18:00-18:30
2025-01-07,Afternoon,Alex,1,100005081.00.05,4000010,769,750,open,na,ok,ok,nok,nok,ok,757,7,3,0,2,0,0,0,12,"1,56",18:00-18:30
2025-01-07,Afternoon,Alex,1,100005058.00.05,4000010,769,750,open,na,ok,ok,nok,nok,ok,765,2,1,0,1,0,0,0,4,"0,52",18:00-18:30
2025-01-08,Morning,Alex,2,100005035.00.03,4000008,706,720,CLOSED,na,ok,ok,nok,nok,ok,695,6,2,0,0,3,0,0,11,"1,56",10:00-10:30
2025-01-08,Morning,Alex,2,100005039.00.04,4000008,706,720,CLOSED,na,ok,ok,nok,nok,ok,698,5,1,0,2,0,0,0,8,"1,13",10:00-10:30
2025-01-08,Morning,Alex,2,100005035.00.03,4000011,36,720,open,na,ok,ok,nok,ok,ok,35,1,0,0,0,0,0,0,1,"2,78",10:00-10:30
2025-01-08,Morning,Alex,2,100005039.00.04,4000011,36,720,open,na,ok,ok,ok,ok,ok,36,0,0,0,0,0,0,0,0,0,10:00-10:30
2025-01-08,Afternoon,John,2,100005035.00.03,4000011,700,750,open,na,ok,ok,nok,nok,ok,693,4,1,0,2,0,0,0,7,1,18:00-18:30
2025-01-08,Afternoon,John,2,100005039.00.04,4000011,700,750,open,na,ok,ok,nok,nok,ok,694,3,1,0,0,2,0,0,6,"0,86",18:00-18:30
2025-01-09,Morning,Alex,3,100005049.00.03,4000009,711,720,CLOSED,na,ok,ok,nok,nok,ok,707,2,1,1,0,0,0,0,4,"0,56",10:00-10:30
2025-01-09,Morning,Alex,3,100005051.00.04,4000009,711,720,CLOSED,na,ok,ok,nok,nok,ok,701,6,2,0,2,0,0,0,10,"1,41",10:00-10:30
2025-01-09,Morning,Alex,3,100005049.00.03,4000012,15,720,open,na,ok,ok,nok,ok,ok,14,1,0,0,0,0,0,0,1,"6,67",10:00-10:30
2025-01-09,Morning,Alex,3,100005051.00.04,4000012,15,720,open,na,ok,ok,ok,ok,ok,15,0,0,0,0,0,0,0,0,0,10:00-10:30
2025-01-09,Afternoon,John,3,100005049.00.03,4000012,739,750,open,na,ok,ok,nok,nok,ok,731,4,1,0,0,3,0,0,8,"1,08",18:00-18:30
2025-01-09,Afternoon,John,3,100005051.00.04,4000012,739,750,open,na,ok,ok,nok,nok,ok,733,3,2,0,0,1,0,0,6,"0,81",18:00-18:30
2025-01-10,Morning,Alex,1,100005078.00.06,4000010,251,720,CLOSED,ok,ok,ok,ok,ok,ok,251,0,0,0,0,0,0,0,0,0,10:00-10:30
2025-01-10,Morning,Alex,1,100005081.00.05,4000010,251,720,CLOSED,na,ok,ok,nok,nok,ok,245,3,2,0,1,0,0,0,6,"2,39",10:00-10:30
2025-01-10,Morning,Alex,1,100005058.00.05,4000010,251,720,CLOSED,na,ok,ok,nok,ok,ok,248,2,0,1,0,0,0,0,3,"1,2",10:00-10:30
2025-01-10,Morning,Alex,1,100005078.00.06,4000013,490,720,open,ok,ok,ok,nok,nok,ok,485,3,1,0,1,0,0,0,5,"1,02",10:00-10:30
2025-01-10,Morning,Alex,1,100005081.00.05,4000013,490,720,open,na,ok,ok,nok,nok,ok,484,3,1,2,0,0,0,0,6,"1,22",10:00-10:30
2025-01-10,Morning,Alex,1,100005058.00.05,4000013,490,720,open,na,ok,ok,ok,ok,ok,490,0,0,0,0,0,0,0,0,0,10:00-10:30
2025-01-10,Afternoon,John,1,100005078.00.06,4000013,710,720,CLOSED,ok,ok,ok,nok,nok,ok,704,3,2,1,0,0,0,0,6,"0,85",18:00-18:30
2025-01-10,Afternoon,John,1,100005081.00.05,4000013,710,720,CLOSED,na,ok,ok,nok,nok,ok,699,6,3,2,0,0,0,0,11,"1,55",18:00-18:30
2025-01-10,Afternoon,John,1,100005058.00.05,4000013,710,720,CLOSED,na,ok,ok,nok,nok,ok,707,1,1,1,0,0,0,0,3,"0,42",18:00-18:30
2025-01-10,Afternoon,John,1,100005078.00.06,4000014,49,720,open,ok,ok,ok,ok,ok,ok,49,0,0,0,0,0,0,0,0,0,18:00-18:30
2025-01-10,Afternoon,John,1,100005081.00.05,4000014,49,720,open,na,ok,ok,ok,nok,ok,48,0,1,0,0,0,0,0,1,"2,04",18:00-18:30
2025-01-10,Afternoon,John,1,100005058.00.05,4000014,49,720,open,na,ok,ok,nok,ok,ok,48,1,0,0,0,0,0,0,1,"2,04",18:00-18:30
2025-01-13,Morning,Alex,1,100005078.00.06,4000014,741,750,open,ok,ok,ok,nok,nok,ok,734,3,3,0,0,1,0,0,7,"0,94",10:00-10:30
2025-01-13,Morning,Alex,1,100005081.00.05,4000014,741,750,open,na,ok,ok,nok,nok,ok,736,2,1,2,0,0,0,0,5,"0,67",10:00-10:30
2025-01-13,Morning,Alex,1,100005058.00.05,4000014,741,750,open,na,ok,ok,nok,nok,ok,732,5,2,0,0,2,0,0,9,"1,21",10:00-10:30
2025-01-13,Afternoon,John,1,100005078.00.06,4000014,410,720,CLOSED,ok,ok,ok,nok,ok,ok,407,2,0,0,0,1,0,0,3,"0,73",18:00-18:30
2025-01-13,Afternoon,John,1,100005081.00.05,4000014,410,720,CLOSED,na,ok,ok,nok,nok,ok,407,2,1,0,0,0,0,0,3,"0,73",18:00-18:30
2025-01-13,Afternoon,John,1,100005058.00.05,4000014,410,720,CLOSED,na,ok,ok,nok,nok,ok,406,2,1,0,0,1,0,0,4,"0,98",18:00-18:30
2025-01-13,Afternoon,John,1,100005078.00.06,4000017,329,720,open,ok,ok,ok,nok,nok,ok,325,2,1,0,0,1,0,0,4,"1,22",18:00-18:30
2025-01-13,Afternoon,John,1,100005081.00.05,4000017,329,720,open,na,ok,ok,nok,ok,ok,327,1,0,1,0,0,0,0,2,"0,61",18:00-18:30
2025-01-13,Afternoon,John,1,100005058.00.05,4000017,329,720,open,na,ok,ok,ok,ok,ok,329,0,0,0,0,0,0,0,0,0,18:00-18:30
2025-01-14,Morning,Alex,2,100005035.00.03,4000015,239,720,CLOSED,na,ok,ok,nok,ok,ok,238,1,0,0,0,0,0,0,1,"0,42",10:00-10:30
2025-01-14,Morning,Alex,2,100005039.00.04,4000015,239,720,CLOSED,na,ok,ok,nok,ok,ok,238,1,0,0,0,0,0,0,1,"0,42",10:00-10:30
2025-01-14,Morning,Alex,2,100005035.00.03,4000018,476,720,open,na,ok,ok,nok,nok,ok,471,2,2,0,1,0,0,0,5,"1,05",10:00-10:30
2025-01-14,Morning,Alex,2,100005039.00.04,4000018,476,720,open,na,ok,ok,nok,nok,ok,467,5,2,0,0,2,0,0,9,"1,89",10:00-10:30
2025-01-14,Afternoon,John,2,100005035.00.03,4000018,700,750,open,na,ok,ok,nok,nok,ok,691,6,2,0,0,1,0,0,9,"1,29",18:00-18:30
2025-01-14,Afternoon,John,2,100005039.00.04,4000018,700,750,open,na,ok,ok,nok,nok,ok,695,3,1,0,0,1,0,0,5,"0,71",18:00-18:30
2025-01-15,Morning,John,3,100005049.00.03,4000016,175,720,CLOSED,na,ok,ok,nok,nok,ok,171,2,1,1,0,0,0,0,4,"2,29",10:00-10:30
2025-01-15,Morning,John,3,100005051.00.04,4000016,175,720,CLOSED,na,ok,ok,nok,ok,ok,173,1,0,1,0,0,0,0,2,"1,14",10:00-10:30
2025-01-15,Morning,John,3,100005049.00.03,4000019,584,720,open,na,ok,ok,nok,nok,ok,579,2,2,1,0,0,0,0,5,"0,86",10:00-10:30
2025-01-15,Morning,John,3,100005051.00.04,4000019,584,720,open,na,ok,ok,nok,nok,ok,580,2,1,0,0,1,0,0,4,"0,68",10:00-10:30
2025-01-15,Afternoon,Alex,3,100005049.00.03,4000019,616,720,CLOSED,na,ok,ok,nok,ok,ok,613,2,0,0,1,0,0,0,3,"0,49",18:00-18:30
2025-01-15,Afternoon,Alex,3,100005051.00.04,4000019,616,720,CLOSED,na,ok,ok,nok,nok,ok,611,3,1,0,0,1,0,0,5,"0,81",18:00-18:30
2025-01-15,Afternoon,Alex,3,100005049.00.03,4000020,110,720,open,na,ok,ok,ok,ok,ok,110,0,0,0,0,0,0,0,0,0,18:00-18:30
2025-01-15,Afternoon,Alex,3,100005051.00.04,4000020,110,720,open,na,ok,ok,ok,ok,ok,110,0,0,0,0,0,0,0,0,0,18:00-18:30
2025-01-16,Morning,John,1,100005078.00.06,4000017,744,750,open,ok,ok,ok,nok,nok,ok,735,6,2,0,1,0,0,0,9,"1,21",10:00-10:30
2025-01-16,Morning,John,1,100005081.00.05,4000017,744,750,open,na,ok,ok,nok,nok,ok,736,4,3,0,0,1,0,0,8,"1,08",10:00-10:30
2025-01-16,Morning,John,1,100005058.00.05,4000017,744,750,open,na,ok,ok,nok,nok,ok,739,3,1,0,0,1,0,0,5,"0,67",10:00-10:30
2025-01-16,Afternoon,Alex,1,100005078.00.06,4000017,127,720,CLOSED,ok,ok,ok,nok,ok,ok,126,1,0,0,0,0,0,0,1,"0,79",18:00-18:30
2025-01-16,Afternoon,Alex,1,100005081.00.05,4000017,127,720,CLOSED,na,ok,ok,nok,nok,ok,124,2,1,0,0,0,0,0,3,"2,36",18:00-18:30
2025-01-16,Afternoon,Alex,1,100005058.00.05,4000017,127,720,CLOSED,na,ok,ok,nok,ok,ok,126,1,0,0,0,0,0,0,1,"0,79",18:00-18:30
2025-01-16,Afternoon,Alex,1,100005078.00.06,4000021,613,720,open,ok,ok,ok,nok,nok,ok,606,4,2,0,1,0,0,0,7,"1,14",18:00-18:30
2025-01-16,Afternoon,Alex,1,100005081.00.05,4000021,613,720,open,na,ok,ok,nok,nok,ok,604,5,3,0,0,1,0,0,9,"1,47",18:00-18:30
2025-01-16,Afternoon,Alex,1,100005058.00.05,4000021,613,720,open,na,ok,ok,nok,nok,ok,604,6,1,0,2,0,0,0,9,"1,47",18:00-18:30
2025-01-17,Morning,John,2,100005035.00.03,4000018,24,720,CLOSED,na,ok,ok,nok,ok,ok,23,1,0,0,0,0,0,0,1,"4,17",10:00-10:30
2025-01-17,Morning,John,2,100005039.00.04,4000018,24,720,CLOSED,na,ok,ok,nok,ok,ok,23,1,0,0,0,0,0,0,1,"4,17",10:00-10:30
2025-01-17,Morning,John,2,100005035.00.03,4000022,729,720,open,na,ok,ok,nok,nok,ok,725,2,1,0,1,0,0,0,4,"0,55",10:00-10:30
2025-01-17,Morning,John,2,100005039.00.04,4000022,729,720,open,na,ok,ok,nok,nok,ok,724,3,1,0,1,0,0,0,5,"0,69",10:00-10:30
2025-01-17,Afternoon,Alex,2,100005035.00.03,4000022,471,720,CLOSED,na,ok,ok,nok,nok,ok,468,2,1,0,0,0,0,0,3,"0,64",18:00-18:30
2025-01-17,Afternoon,Alex,2,100005039.00.04,4000022,471,720,CLOSED,na,ok,ok,nok,nok,ok,468,2,1,0,0,0,0,0,3,"0,64",18:00-18:30
2025-01-17,Afternoon,Alex,2,100005035.00.03,4000023,241,720,open,na,ok,ok,nok,nok,ok,237,2,1,0,0,1,0,0,4,"1,66",18:00-18:30
2025-01-17,Afternoon,Alex,2,100005039.00.04,4000023,241,720,open,na,ok,ok,nok,nok,ok,238,2,1,0,0,0,0,0,3,"1,24",18:00-18:30
2025-01-20,Morning,John,2,100005035.00.03,4000023,712,750,open,na,ok,ok,nok,nok,ok,705,4,2,0,0,1,0,0,7,"0,98",10:00-10:30
2025-01-20,Morning,John,2,100005039.00.04,4000023,712,750,open,na,ok,ok,nok,ok,ok,710,1,0,1,0,0,0,0,2,"0,28",10:00-10:30
2025-01-20,Afternoon,Alex,2,100005035.00.03,4000023,247,720,CLOSED,na,ok,ok,nok,ok,ok,246,1,0,0,0,0,0,0,1,"0,4",18:00-18:30
2025-01-20,Afternoon,Alex,2,100005039.00.04,4000023,247,720,CLOSED,na,ok,ok,nok,nok,ok,244,2,1,0,0,0,0,0,3,"1,21",18:00-18:30
2025-01-20,Afternoon,Alex,2,100005035.00.03,4000026,504,720,open,na,ok,ok,nok,nok,ok,500,2,1,0,1,0,0,0,4,"0,79",18:00-18:30
2025-01-20,Afternoon,Alex,2,100005039.00.04,4000026,504,720,open,na,ok,ok,nok,nok,ok,501,2,1,0,0,0,0,0,3,"0,6",18:00-18:30
2025-01-21,Morning,John,3,100005049.00.03,4000024,728,750,open,na,ok,ok,nok,nok,ok,721,3,2,2,0,0,0,0,7,"0,96",10:00-10:30
2025-01-21,Morning,John,3,100005051.00.04,4000024,728,750,open,na,ok,ok,nok,nok,ok,723,3,1,1,0,0,0,0,5,"0,69",10:00-10:30
2025-01-21,Afternoon,Alex,3,100005049.00.03,4000024,107,720,CLOSED,na,ok,ok,ok,nok,ok,106,0,1,0,0,0,0,0,1,"0,93",18:00-18:30
2025-01-21,Afternoon,Alex,3,100005051.00.04,4000024,107,720,CLOSED,na,ok,ok,nok,ok,ok,106,1,0,0,0,0,0,0,1,"0,93",18:00-18:30
2025-01-21,Afternoon,Alex,3,100005049.00.03,4000027,647,720,open,na,ok,ok,nok,nok,ok,638,4,3,2,0,0,0,0,9,"1,39",18:00-18:30
2025-01-21,Afternoon,Alex,3,100005051.00.04,4000027,647,720,open,na,ok,ok,nok,nok,ok,643,2,1,0,1,0,0,0,4,"0,62",18:00-18:30
2025-01-22,Morning,Alex,1,100005078.00.06,4000025,278,720,CLOSED,ok,ok,ok,nok,ok,ok,277,1,0,0,0,0,0,0,1,"0,36",10:00-10:30
2025-01-22,Morning,Alex,1,100005081.00.05,4000025,278,720,CLOSED,na,ok,ok,nok,nok,ok,273,2,2,1,0,0,0,0,5,"1,8",10:00-10:30
2025-01-22,Morning,Alex,1,100005058.00.05,4000025,278,720,CLOSED,na,ok,ok,nok,nok,ok,272,3,2,0,0,1,0,0,6,"2,16",10:00-10:30
2025-01-22,Morning,Alex,1,100005078.00.06,4000028,482,720,open,ok,ok,ok,nok,nok,ok,480,1,1,0,0,0,0,0,2,"0,41",10:00-10:30
2025-01-22,Morning,Alex,1,100005081.00.05,4000028,482,720,open,na,ok,ok,nok,nok,ok,476,3,2,0,1,0,0,0,6,"1,24",10:00-10:30
2025-01-22,Morning,Alex,1,100005058.00.05,4000028,482,720,open,na,ok,ok,nok,nok,ok,476,3,1,2,0,0,0,0,6,"1,24",10:00-10:30
2025-01-22,Afternoon,John,1,100005078.00.06,4000028,718,720,CLOSED,ok,ok,ok,nok,nok,ok,710,5,2,0,0,1,0,0,8,"1,11",18:00-18:30
2025-01-22,Afternoon,John,1,100005081.00.05,4000028,718,720,CLOSED,na,ok,ok,nok,nok,ok,713,3,1,0,1,0,0,0,5,"0,7",18:00-18:30
2025-01-22,Afternoon,John,1,100005058.00.05,4000028,718,720,CLOSED,na,ok,ok,nok,nok,ok,712,4,1,1,0,0,0,0,6,"0,84",18:00-18:30
2025-01-22,Afternoon,John,1,100005078.00.06,4000029,40,720,open,ok,ok,ok,nok,ok,ok,39,1,0,0,0,0,0,0,1,"2,5",18:00-18:30
2025-01-22,Afternoon,John,1,100005081.00.05,4000029,40,720,open,na,ok,ok,nok,ok,ok,39,1,0,0,0,0,0,0,1,"2,5",18:00-18:30
2025-01-22,Afternoon,John,1,100005058.00.05,4000029,40,720,open,na,ok,ok,nok,ok,ok,39,1,0,0,0,0,0,0,1,"2,5",18:00-18:30
2025-01-23,Morning,Alex,2,100005035.00.03,4000026,696,720,CLOSED,na,ok,ok,nok,nok,ok,687,4,3,2,0,0,0,0,9,"1,29",10:00-10:30
2025-01-23,Morning,Alex,2,100005039.00.04,4000026,696,720,CLOSED,na,ok,ok,nok,nok,ok,685,5,4,0,2,0,0,0,11,"1,58",10:00-10:30
2025-01-23,Morning,Alex,2,100005035.00.03,4000030,36,720,open,na,ok,ok,nok,ok,ok,35,1,0,0,0,0,0,0,1,"2,78",10:00-10:30
2025-01-23,Morning,Alex,2,100005039.00.04,4000030,36,720,open,na,ok,ok,ok,ok,ok,36,0,0,0,0,0,0,0,0,0,10:00-10:30
2025-01-23,Afternoon,John,2,100005035.00.03,4000030,750,750,open,na,ok,ok,nok,nok,ok,741,4,2,3,0,0,0,0,9,"1,2",18:00-18:30
2025-01-23,Afternoon,John,2,100005039.00.04,4000030,750,750,open,na,ok,ok,nok,nok,ok,744,4,1,0,1,0,0,0,6,"0,8",18:00-18:30
2025-01-24,Morning,Alex,3,100005049.00.03,4000027,553,720,CLOSED,na,ok,ok,nok,nok,ok,546,4,2,1,0,0,0,0,7,"1,27",10:00-10:30
2025-01-24,Morning,Alex,3,100005051.00.04,4000027,553,720,CLOSED,na,ok,ok,nok,ok,ok,551,1,0,0,1,0,0,0,2,"0,36",10:00-10:30
2025-01-24,Morning,Alex,3,100005049.00.03,4000031,167,720,open,na,ok,ok,nok,ok,ok,166,1,0,0,0,0,0,0,1,"0,6",10:00-10:30
2025-01-24,Morning,Alex,3,100005051.00.04,4000031,167,720,open,na,ok,ok,nok,ok,ok,165,1,0,0,0,1,0,0,2,"1,2",10:00-10:30
2025-01-24,Afternoon,John,3,100005049.00.03,4000031,708,750,open,na,ok,ok,nok,nok,ok,700,5,1,0,2,0,0,0,8,"1,13",18:00-18:30
2025-01-24,Afternoon,John,3,100005051.00.04,4000031,708,750,open,na,ok,ok,nok,nok,ok,701,4,1,0,2,0,0,0,7,"0,99",18:00-18:30
2025-01-27,Morning,Alex,3,100005049.00.03,4000031,325,720,CLOSED,na,ok,ok,nok,nok,ok,320,3,1,0,0,1,0,0,5,"1,54",10:00-10:30
2025-01-27,Morning,Alex,3,100005051.00.04,4000031,325,720,CLOSED,na,ok,ok,nok,nok,ok,323,1,1,0,0,0,0,0,2,"0,62",10:00-10:30
2025-01-27,Morning,Alex,3,100005049.00.03,4000034,407,720,open,na,ok,ok,nok,nok,ok,403,2,1,1,0,0,0,0,4,"0,98",10:00-10:30
2025-01-27,Morning,Alex,3,100005051.00.04,4000034,407,720,open,na,ok,ok,nok,ok,ok,405,1,0,0,1,0,0,0,2,"0,49",10:00-10:30
2025-01-27,Afternoon,John,3,100005049.00.03,4000034,724,750,open,na,ok,ok,nok,nok,ok,720,2,1,1,0,0,0,0,4,"0,55",18:00-18:30
2025-01-27,Afternoon,John,3,100005051.00.04,4000034,724,750,open,na,ok,ok,nok,nok,ok,716,5,2,0,0,1,0,0,8,"1,1",18:00-18:30
2025-01-28,Morning,Alex,1,100005078.00.06,4000032,735,750,open,ok,ok,ok,nok,nok,ok,727,4,2,0,0,2,0,0,8,"1,09",10:00-10:30
2025-01-28,Morning,Alex,1,100005081.00.05,4000032,735,750,open,na,ok,ok,nok,nok,ok,731,2,1,0,0,1,0,0,4,"0,54",10:00-10:30
2025-01-28,Morning,Alex,1,100005058.00.05,4000032,735,750,open,na,ok,ok,nok,nok,ok,724,7,2,2,0,0,0,0,11,"1,5",10:00-10:30
2025-01-28,Afternoon,John,1,100005078.00.06,4000032,116,720,CLOSED,ok,ok,ok,ok,ok,ok,116,0,0,0,0,0,0,0,0,0,18:00-18:30
2025-01-28,Afternoon,John,1,100005081.00.05,4000032,116,720,CLOSED,na,ok,ok,nok,ok,ok,113,2,0,0,0,1,0,0,3,"2,59",18:00-18:30
2025-01-28,Afternoon,John,1,100005058.00.05,4000032,116,720,CLOSED,na,ok,ok,nok,ok,ok,115,1,0,0,0,0,0,0,1,"0,86",18:00-18:30
2025-01-28,Afternoon,John,1,100005078.00.06,4000035,653,720,open,ok,ok,ok,nok,nok,ok,647,3,2,1,0,0,0,0,6,"0,92",18:00-18:30
2025-01-28,Afternoon,John,1,100005081.00.05,4000035,653,720,open,na,ok,ok,nok,nok,ok,646,4,1,0,0,2,0,0,7,"1,07",18:00-18:30
2025-01-28,Afternoon,John,1,100005058.00.05,4000035,653,720,open,na,ok,ok,nok,nok,ok,645,5,1,0,2,0,0,0,8,"1,23",18:00-18:30
2025-01-29,Morning,John,2,100005035.00.03,4000033,151,720,CLOSED,na,ok,ok,ok,ok,ok,151,0,0,0,0,0,0,0,0,0,10:00-10:30
2025-01-29,Morning,John,2,100005039.00.04,4000033,151,720,CLOSED,na,ok,ok,nok,ok,ok,150,1,0,0,0,0,0,0,1,"0,66",10:00-10:30
2025-01-29,Morning,John,2,100005035.00.03,4000036,563,720,open,na,ok,ok,nok,nok,ok,558,3,1,1,0,0,0,0,5,"0,89",10:00-10:30
2025-01-29,Morning,John,2,100005039.00.04,4000036,563,720,open,na,ok,ok,nok,nok,ok,554,5,2,0,2,0,0,0,9,"1,6",10:00-10:30
2025-01-29,Afternoon,Alex,2,100005035.00.03,4000036,637,720,CLOSED,na,ok,ok,nok,nok,ok,629,4,1,0,0,3,0,0,8,"1,26",18:00-18:30
2025-01-29,Afternoon,Alex,2,100005039.00.04,4000036,637,720,CLOSED,na,ok,ok,nok,nok,ok,628,5,2,0,0,2,0,0,9,"1,41",18:00-18:30
2025-01-29,Afternoon,Alex,2,100005035.00.03,4000037,73,720,open,na,ok,ok,nok,ok,ok,72,1,0,0,0,0,0,0,1,"1,37",18:00-18:30
2025-01-29,Afternoon,Alex,2,100005039.00.04,4000037,73,720,open,na,ok,ok,ok,ok,ok,73,0,0,0,0,0,0,0,0,0,18:00-18:30
2025-01-30,Morning,John,3,100005049.00.03,4000034,69,720,CLOSED,na,ok,ok,ok,ok,ok,69,0,0,0,0,0,0,0,0,0,10:00-10:30
2025-01-30,Morning,John,3,100005051.00.04,4000034,69,720,CLOSED,na,ok,ok,ok,ok,ok,69,0,0,0,0,0,0,0,0,0,10:00-10:30
2025-01-30,Morning,John,3,100005049.00.03,4000038,670,720,open,na,ok,ok,nok,nok,ok,663,4,1,2,0,0,0,0,7,"1,04",10:00-10:30
2025-01-30,Morning,John,3,100005051.00.04,4000038,670,720,open,na,ok,ok,nok,nok,ok,667,1,1,1,0,0,0,0,3,"0,45",10:00-10:30
2025-01-30,Afternoon,Alex,3,100005049.00.03,4000038,530,720,CLOSED,na,ok,ok,nok,ok,ok,528,1,0,0,0,1,0,0,2,"0,38",18:00-18:30
2025-01-30,Afternoon,Alex,3,100005051.00.04,4000038,530,720,CLOSED,na,ok,ok,nok,nok,ok,525,3,1,0,1,0,0,0,5,"0,94",18:00-18:30
2025-01-30,Afternoon,Alex,3,100005049.00.03,4000039,214,720,open,na,ok,ok,nok,nok,ok,212,1,1,0,0,0,0,0,2,"0,93",18:00-18:30
2025-01-30,Afternoon,Alex,3,100005051.00.04,4000039,214,720,open,na,ok,ok,nok,ok,ok,210,3,0,0,0,1,0,0,4,"1,87",18:00-18:30
2025-01-31,Morning,John,1,100005078.00.06,4000035,547,720,CLOSED,ok,ok,ok,nok,nok,ok,543,2,1,1,0,0,0,0,4,"0,73",10:00-10:30
2025-01-31,Morning,John,1,100005081.00.05,4000035,547,720,CLOSED,na,ok,ok,nok,ok,ok,546,1,0,0,0,0,0,0,1,"0,18",10:00-10:30
2025-01-31,Morning,John,1,100005058.00.05,4000035,547,720,CLOSED,na,ok,ok,nok,nok,ok,544,1,1,0,0,1,0,0,3,"0,55",10:00-10:30
2025-01-31,Morning,John,1,100005078.00.06,4000040,193,720,open,ok,ok,ok,nok,ok,ok,192,1,0,0,0,0,0,0,1,"0,52",10:00-10:30
2025-01-31,Morning,John,1,100005081.00.05,4000040,193,720,open,na,ok,ok,nok,nok,ok,189,2,1,0,0,1,0,0,4,"2,07",10:00-10:30
2025-01-31,Morning,John,1,100005058.00.05,4000040,193,720,open,na,ok,ok,nok,ok,ok,192,1,0,0,0,0,0,0,1,"0,52",10:00-10:30
2025-01-31,Afternoon,Alex,1,100005078.00.06,4000040,731,750,open,ok,ok,ok,nok,nok,ok,723,4,2,2,0,0,0,0,8,"1,09",18:00-18:30
2025-01-31,Afternoon,Alex,1,100005081.00.05,4000040,731,750,open,na,ok,ok,nok,nok,ok,724,4,2,0,1,0,0,0,7,"0,96",18:00-18:30
2025-01-31,Afternoon,Alex,1,100005058.00.05,4000040,731,750,open,na,ok,ok,nok,nok,ok,726,3,1,0,0,1,0,0,5,"0,68",18:00-18:30
2025-02-03,Morning,John,1,100005078.00.06,4000040,276,720,CLOSED,ok,ok,ok,nok,nok,ok,274,1,1,0,0,0,0,0,2,"0,72",10:00-10:30
2025-02-03,Morning,John,1,100005081.00.05,4000040,276,720,CLOSED,na,ok,ok,nok,nok,ok,271,3,1,0,0,1,0,0,5,"1,81",10:00-10:30
2025-02-03,Morning,John,1,100005058.00.05,4000040,276,720,CLOSED,na,ok,ok,nok,ok,ok,273,2,0,0,0,1,0,0,3,"1,09",10:00-10:30
2025-02-03,Morning,John,1,100005078.00.06,4000043,473,720,open,ok,ok,ok,nok,nok,ok,471,1,1,0,0,0,0,0,2,"0,42",10:00-10:30
2025-02-03,Morning,John,1,100005081.00.05,4000043,473,720,open,na,ok,ok,nok,nok,ok,468,3,1,0,0,1,0,0,5,"1,06",10:00-10:30
2025-02-03,Morning,John,1,100005058.00.05,4000043,473,720,open,na,ok,ok,nok,ok,ok,469,3,0,0,0,1,0,0,4,"0,85",10:00-10:30
2025-02-03,Afternoon,Alex,1,100005078.00.06,4000043,727,720,CLOSED,ok,ok,ok,nok,nok,ok,719,4,2,0,2,0,0,0,8,"1,1",18:00-18:30
2025-02-03,Afternoon,Alex,1,100005081.00.05,4000043,727,720,CLOSED,na,ok,ok,nok,nok,ok,720,4,1,2,0,0,0,0,7,"0,96",18:00-18:30
2025-02-03,Afternoon,Alex,1,100005058.00.05,4000043,727,720,CLOSED,na,ok,ok,nok,nok,ok,720,3,1,0,3,0,0,0,7,"0,96",18:00-18:30
2025-02-03,Afternoon,Alex,1,100005078.00.06,4000044,16,720,open,ok,ok,ok,ok,ok,ok,16,0,0,0,0,0,0,0,0,0,18:00-18:30
2025-02-03,Afternoon,Alex,1,100005081.00.05,4000044,16,720,open,na,ok,ok,ok,ok,ok,16,0,0,0,0,0,0,0,0,0,18:00-18:30
2025-02-03,Afternoon,Alex,1,100005058.00.05,4000044,16,720,open,na,ok,ok,nok,ok,ok,15,1,0,0,0,0,0,0,1,"6,25",18:00-18:30
2025-02-04,Morning,John,2,100005035.00.03,4000041,740,750,open,na,ok,ok,nok,nok,ok,734,4,1,0,1,0,0,0,6,"0,81",10:00-10:30
2025-02-04,Morning,John,2,100005039.00.04,4000041,740,750,open,na,ok,ok,nok,nok,ok,730,5,3,2,0,0,0,0,10,"1,35",10:00-10:30
2025-02-04,Afternoon,Alex,2,100005035.00.03,4000041,145,720,CLOSED,na,ok,ok,nok,ok,ok,144,1,0,0,0,0,0,0,1,"0,69",18:00-18:30
2025-02-04,Afternoon,Alex,2,100005039.00.04,4000041,145,720,CLOSED,na,ok,ok,nok,nok,ok,141,2,1,0,1,0,0,0,4,"2,76",18:00-18:30
2025-02-04,Afternoon,Alex,2,100005035.00.03,4000045,605,720,open,na,ok,ok,nok,nok,ok,597,4,2,0,0,2,0,0,8,"1,32",18:00-18:30
2025-02-04,Afternoon,Alex,2,100005039.00.04,4000045,605,720,open,na,ok,ok,nok,nok,ok,596,6,2,0,1,0,0,0,9,"1,49",18:00-18:30
2025-02-05,Morning,Alex,3,100005049.00.03,4000042,714,720,CLOSED,na,ok,ok,nok,nok,ok,707,4,1,2,0,0,0,0,7,"0,98",10:00-10:30
2025-02-05,Morning,Alex,3,100005051.00.04,4000042,714,720,CLOSED,na,ok,ok,nok,nok,ok,704,5,3,0,0,2,0,0,10,"1,4",10:00-10:30
2025-02-05,Morning,Alex,3,100005049.00.03,4000046,43,720,open,na,ok,ok,ok,ok,ok,43,0,0,0,0,0,0,0,0,0,10:00-10:30
2025-02-05,Morning,Alex,3,100005051.00.04,4000046,43,720,open,na,ok,ok,ok,ok,ok,43,0,0,0,0,0,0,0,0,0,10:00-10:30
2025-02-05,Afternoon,John,3,100005049.00.03,4000046,708,750,open,na,ok,ok,nok,nok,ok,699,5,2,0,2,0,0,0,9,"1,27",18:00-18:30
2025-02-05,Afternoon,John,3,100005051.00.04,4000046,708,750,open,na,ok,ok,nok,ok,ok,706,1,0,0,1,0,0,0,2,"0,28",18:00-18:30
2025-02-06,Morning,Alex,1,100005078.00.06,4000044,762,750,open,ok,ok,ok,nok,nok,ok,753,4,2,3,0,0,0,0,9,"1,18",10:00-10:30
2025-02-06,Morning,Alex,1,100005081.00.05,4000044,762,750,open,na,ok,ok,nok,nok,ok,754,5,1,0,0,2,0,0,8,"1,05",10:00-10:30
2025-02-06,Morning,Alex,1,100005058.00.05,4000044,762,750,open,na,ok,ok,nok,nok,ok,751,6,3,0,0,2,0,0,11,"1,44",10:00-10:30
2025-02-06,Afternoon,John,1,100005078.00.06,4000044,422,720,CLOSED,ok,ok,ok,nok,nok,ok,417,3,1,0,0,1,0,0,5,"1,18",18:00-18:30
2025-02-06,Afternoon,John,1,100005081.00.05,4000044,422,720,CLOSED,na,ok,ok,nok,nok,ok,416,3,2,0,0,1,0,0,6,"1,42",18:00-18:30
2025-02-06,Afternoon,John,1,100005058.00.05,4000044,422,720,CLOSED,na,ok,ok,nok,nok,ok,414,5,2,0,1,0,0,0,8,"1,9",18:00-18:30
2025-02-06,Afternoon,John,1,100005078.00.06,4000047,314,720,open,ok,ok,ok,nok,ok,ok,310,3,0,0,0,1,0,0,4,"1,27",18:00-18:30
2025-02-06,Afternoon,John,1,100005081.00.05,4000047,314,720,open,na,ok,ok,nok,ok,ok,312,1,0,1,0,0,0,0,2,"0,64",18:00-18:30
2025-02-06,Afternoon,John,1,100005058.00.05,4000047,314,720,open,na,ok,ok,nok,nok,ok,308,3,2,1,0,0,0,0,6,"1,91",18:00-18:30
2025-02-07,Morning,Alex,2,100005035.00.03,4000045,595,720,CLOSED,na,ok,ok,nok,nok,ok,587,5,1,0,2,0,0,0,8,"1,34",10:00-10:30
2025-02-07,Morning,Alex,2,100005039.00.04,4000045,595,720,CLOSED,na,ok,ok,nok,nok,ok,588,4,1,2,0,0,0,0,7,"1,18",10:00-10:30
2025-02-07,Morning,Alex,2,100005035.00.03,4000048,156,720,open,na,ok,ok,nok,nok,ok,154,1,1,0,0,0,0,0,2,"1,28",10:00-10:30
2025-02-07,Morning,Alex,2,100005039.00.04,4000048,156,720,open,na,ok,ok,ok,nok,ok,155,0,1,0,0,0,0,0,1,"0,64",10:00-10:30
2025-02-07,Afternoon,John,2,100005035.00.03,4000048,740,750,open,na,ok,ok,nok,nok,ok,732,5,2,0,0,1,0,0,8,"1,08",18:00-18:30
2025-02-07,Afternoon,John,2,100005039.00.04,4000048,740,750,open,na,ok,ok,nok,nok,ok,738,1,1,0,0,0,0,0,2,"0,27",18:00-18:30
2025-02-10,Morning,Alex,2,100005035.00.03,4000048,304,720,CLOSED,na,ok,ok,nok,nok,ok,301,2,1,0,0,0,0,0,3,"0,99",10:00-10:30
2025-02-10,Morning,Alex,2,100005039.00.04,4000048,304,720,CLOSED,na,ok,ok,nok,nok,ok,300,2,1,1,0,0,0,0,4,"1,32",10:00-10:30
2025-02-10,Morning,Alex,2,100005035.00.03,4000051,445,720,open,na,ok,ok,nok,nok,ok,441,2,1,0,1,0,0,0,4,"0,9",10:00-10:30
2025-02-10,Morning,Alex,2,100005039.00.04,4000051,445,720,open,na,ok,ok,nok,nok,ok,439,3,2,0,0,1,0,0,6,"1,35",10:00-10:30
2025-02-10,Afternoon,John,2,100005035.00.03,4000051,751,750,open,na,ok,ok,nok,nok,ok,737,8,2,0,0,4,0,0,14,"1,86",18:00-18:30
2025-02-10,Afternoon,John,2,100005039.00.04,4000051,751,750,open,na,ok,ok,nok,nok,ok,741,5,3,0,2,0,0,0,10,"1,33",18:00-18:30
2025-02-11,Morning,Alex,3,100005049.00.03,4000049,241,720,CLOSED,na,ok,ok,nok,ok,ok,240,1,0,0,0,0,0,0,1,"0,41",10:00-10:30
2025-02-11,Morning,Alex,3,100005051.00.04,4000049,241,720,CLOSED,na,ok,ok,nok,nok,ok,235,3,2,0,0,1,0,0,6,"2,49",10:00-10:30
2025-02-11,Morning,Alex,3,100005049.00.03,4000052,513,720,open,na,ok,ok,nok,ok,ok,511,1,0,0,0,1,0,0,2,"0,39",10:00-10:30
2025-02-11,Morning,Alex,3,100005051.00.04,4000052,513,720,open,na,ok,ok,nok,nok,ok,508,3,1,1,0,0,0,0,5,"0,97",10:00-10:30
2025-02-11,Afternoon,John,3,100005049.00.03,4000052,687,720,CLOSED,na,ok,ok,nok,nok,ok,683,2,1,0,0,1,0,0,4,"0,58",18:00-18:30
2025-02-11,Afternoon,John,3,100005051.00.04,4000052,687,720,CLOSED,na,ok,ok,nok,nok,ok,675,7,3,0,2,0,0,0,12,"1,75",18:00-18:30
2025-02-11,Afternoon,John,3,100005049.00.03,4000053,71,720,open,na,ok,ok,ok,ok,ok,71,0,0,0,0,0,0,0,0,0,18:00-18:30
2025-02-11,Afternoon,John,3,100005051.00.04,4000053,71,720,open,na,ok,ok,nok,ok,ok,70,1,0,0,0,0,0,0,1,"1,41",18:00-18:30
2025-02-12,Morning,John,1,100005078.00.06,4000050,577,720,CLOSED,ok,ok,ok,nok,nok,ok,572,3,1,0,0,1,0,0,5,"0,87",10:00-10:30
2025-02-12,Morning,John,1,100005081.00.05,4000050,577,720,CLOSED,na,ok,ok,nok,nok,ok,569,4,2,0,2,0,0,0,8,"1,39",10:00-10:30
2025-02-12,Morning,John,1,100005058.00.05,4000050,577,720,CLOSED,na,ok,ok,nok,nok,ok,570,4,2,0,0,1,0,0,7,"1,21",10:00-10:30
2025-02-12,Morning,John,1,100005078.00.06,4000054,154,720,open,ok,ok,ok,nok,ok,ok,152,1,0,0,1,0,0,0,2,"1,3",10:00-10:30
2025-02-12,Morning,John,1,100005081.00.05,4000054,154,720,open,na,ok,ok,nok,nok,ok,150,2,1,0,1,0,0,0,4,"2,6",10:00-10:30
2025-02-12,Morning,John,1,100005058.00.05,4000054,154,720,open,na,ok,ok,nok,ok,ok,151,2,0,0,1,0,0,0,3,"1,95",10:00-10:30
2025-02-12,Afternoon,Alex,1,100005078.00.06,4000054,734,750,open,ok,ok,ok,nok,nok,ok,727,4,1,2,0,0,0,0,7,"0,95",18:00-18:30
2025-02-12,Afternoon,Alex,1,100005081.00.05,4000054,734,750,open,na,ok,ok,nok,nok,ok,724,6,2,0,2,0,0,0,10,"1,36",18:00-18:30
2025-02-12,Afternoon,Alex,1,100005058.00.05,4000054,734,750,open,na,ok,ok,nok,nok,ok,723,6,2,3,0,0,0,0,11,"1,5",18:00-18:30
2025-02-13,Morning,John,2,100005035.00.03,4000051,4,720,CLOSED,na,ok,ok,ok,ok,ok,4,0,0,0,0,0,0,0,0,0,10:00-10:30
2025-02-13,Morning,John,2,100005039.00.04,4000051,4,720,CLOSED,na,ok,ok,ok,ok,ok,4,0,0,0,0,0,0,0,0,0,10:00-10:30
2025-02-13,Morning,John,2,100005035.00.03,4000056,743,720,open,na,ok,ok,nok,nok,ok,740,1,1,0,1,0,0,0,3,"0,4",10:00-10:30
2025-02-13,Morning,John,2,100005039.00.04,4000056,743,720,open,na,ok,ok,nok,nok,ok,733,6,2,0,2,0,0,0,10,"1,35",10:00-10:30
2025-02-13,Afternoon,Alex,2,100005035.00.03,4000056,457,720,CLOSED,na,ok,ok,nok,nok,ok,453,2,1,0,1,0,0,0,4,"0,88",18:00-18:30
2025-02-13,Afternoon,Alex,2,100005039.00.04,4000056,457,720,CLOSED,na,ok,ok,nok,ok,ok,456,1,0,0,0,0,0,0,1,"0,22",18:00-18:30
2025-02-13,Afternoon,Alex,2,100005035.00.03,4000057,278,720,open,na,ok,ok,nok,nok,ok,275,2,1,0,0,0,0,0,3,"1,08",18:00-18:30
2025-02-13,Afternoon,Alex,2,100005039.00.04,4000057,278,720,open,na,ok,ok,nok,ok,ok,276,1,0,0,1,0,0,0,2,"0,72",18:00-18:30
2025-02-14,Morning,John,3,100005049.00.03,4000053,711,750,open,na,ok,ok,nok,nok,ok,706,3,1,1,0,0,0,0,5,"0,7",10:00-10:30
2025-02-14,Morning,John,3,100005051.00.04,4000053,711,750,open,na,ok,ok,nok,nok,ok,704,3,2,0,2,0,0,0,7,"0,98",10:00-10:30
2025-02-14,Afternoon,Alex,3,100005049.00.03,4000053,418,720,CLOSED,na,ok,ok,nok,nok,ok,413,2,2,0,1,0,0,0,5,"1,2",18:00-18:30
2025-02-14,Afternoon,Alex,3,100005051.00.04,4000053,418,720,CLOSED,na,ok,ok,nok,nok,ok,413,3,1,1,0,0,0,0,5,"1,2",18:00-18:30
2025-02-14,Afternoon,Alex,3,100005049.00.03,4000058,318,720,open,na,ok,ok,nok,ok,ok,316,1,0,0,0,1,0,0,2,"0,63",18:00-18:30
2025-02-14,Afternoon,Alex,3,100005051.00.04,4000058,318,720,open,na,ok,ok,ok,nok,ok,317,0,1,0,0,0,0,0,1,"0,31",18:00-18:30
2025-02-17,Morning,John,3,100005049.00.03,4000058,700,750,open,na,ok,ok,nok,nok,ok,693,4,1,2,0,0,0,0,7,1,10:00-10:30
2025-02-17,Morning,John,3,100005051.00.04,4000058,700,750,open,na,ok,ok,nok,ok,ok,699,1,0,0,0,0,0,0,1,"0,14",10:00-10:30
2025-02-17,Afternoon,Alex,3,100005049.00.03,4000058,182,720,CLOSED,na,ok,ok,nok,ok,ok,180,1,0,0,1,0,0,0,2,"1,1",18:00-18:30
2025-02-17,Afternoon,Alex,3,100005051.00.04,4000058,182,720,CLOSED,na,ok,ok,nok,nok,ok,177,3,1,0,0,1,0,0,5,"2,75",18:00-18:30
2025-02-17,Afternoon,Alex,3,100005049.00.03,4000063,522,720,open,na,ok,ok,ok,ok,ok,521,0,0,0,0,1,0,0,1,"0,19",18:00-18:30
2025-02-17,Afternoon,Alex,3,100005051.00.04,4000063,522,720,open,na,ok,ok,nok,nok,ok,519,2,1,0,0,0,0,0,3,"0,57",18:00-18:30
2025-02-18,Morning,John,1,100005078.00.06,4000060,744,750,open,ok,ok,ok,nok,nok,ok,737,4,2,1,0,0,0,0,7,"0,94",10:00-10:30
2025-02-18,Morning,John,1,100005081.00.05,4000060,744,750,open,na,ok,ok,nok,ok,ok,742,1,0,0,0,1,0,0,2,"0,27",10:00-10:30
2025-02-18,Morning,John,1,100005058.00.05,4000060,744,750,open,na,ok,ok,nok,nok,ok,739,2,2,1,0,0,0,0,5,"0,67",10:00-10:30
2025-02-18,Afternoon,Alex,1,100005078.00.06,4000060,450,720,CLOSED,ok,ok,ok,nok,nok,ok,445,2,1,0,0,2,0,0,5,"1,11",18:00-18:30
2025-02-18,Afternoon,Alex,1,100005081.00.05,4000060,450,720,CLOSED,na,ok,ok,nok,nok,ok,443,4,1,0,0,2,0,0,7,"1,56",18:00-18:30
2025-02-18,Afternoon,Alex,1,100005058.00.05,4000060,450,720,CLOSED,na,ok,ok,nok,nok,ok,446,2,1,0,1,0,0,0,4,"0,89",18:00-18:30
2025-02-18,Afternoon,Alex,1,100005078.00.06,4000064,310,720,open,ok,ok,ok,nok,nok,ok,303,3,2,2,0,0,0,0,7,"2,26",18:00-18:30
2025-02-18,Afternoon,Alex,1,100005081.00.05,4000064,310,720,open,na,ok,ok,nok,nok,ok,306,2,1,0,0,1,0,0,4,"1,29",18:00-18:30
2025-02-18,Afternoon,Alex,1,100005058.00.05,4000064,310,720,open,na,ok,ok,nok,nok,ok,307,2,1,0,0,0,0,0,3,"0,97",18:00-18:30
2025-02-19,Morning,Alex,2,100005035.00.03,4000061,692,720,CLOSED,na,ok,ok,nok,nok,ok,682,5,2,0,0,3,0,0,10,"1,45",10:00-10:30
2025-02-19,Morning,Alex,2,100005039.00.04,4000061,692,720,CLOSED,na,ok,ok,nok,nok,ok,684,4,2,0,2,0,0,0,8,"1,16",10:00-10:30
2025-02-19,Morning,Alex,2,100005035.00.03,4000065,38,720,open,na,ok,ok,ok,ok,ok,38,0,0,0,0,0,0,0,0,0,10:00-10:30
2025-02-19,Morning,Alex,2,100005039.00.04,4000065,38,720,open,na,ok,ok,ok,ok,ok,38,0,0,0,0,0,0,0,0,0,10:00-10:30
2025-02-19,Afternoon,John,2,100005035.00.03,4000065,715,750,open,na,ok,ok,nok,nok,ok,709,4,1,0,0,1,0,0,6,"0,84",18:00-18:30
2025-02-19,Afternoon,John,2,100005039.00.04,4000065,715,750,open,na,ok,ok,nok,nok,ok,713,1,1,0,0,0,0,0,2,"0,28",18:00-18:30
2025-02-20,Morning,Alex,3,100005049.00.03,4000063,678,720,CLOSED,na,ok,ok,nok,nok,ok,671,4,2,0,0,1,0,0,7,"1,03",10:00-10:30
2025-02-20,Morning,Alex,3,100005051.00.04,4000063,678,720,CLOSED,na,ok,ok,nok,nok,ok,668,5,3,0,2,0,0,0,10,"1,47",10:00-10:30
2025-02-20,Morning,Alex,3,100005049.00.03,4000066,58,720,open,na,ok,ok,ok,ok,ok,58,0,0,0,0,0,0,0,0,0,10:00-10:30
2025-02-20,Morning,Alex,3,100005051.00.04,4000066,58,720,open,na,ok,ok,ok,ok,ok,57,0,0,0,1,0,0,0,1,"1,72",10:00-10:30
2025-02-20,Afternoon,John,3,100005049.00.03,4000066,722,750,open,na,ok,ok,nok,nok,ok,715,3,2,2,0,0,0,0,7,"0,97",18:00-18:30
2025-02-20,Afternoon,John,3,100005051.00.04,4000066,722,750,open,na,ok,ok,nok,nok,ok,716,3,1,0,2,0,0,0,6,"0,83",18:00-18:30
2025-02-21,Morning,Alex,1,100005078.00.06,4000064,751,750,open,ok,ok,ok,nok,nok,ok,741,5,3,0,0,2,0,0,10,"1,33",10:00-10:30
2025-02-21,Morning,Alex,1,100005081.00.05,4000064,751,750,open,na,ok,ok,nok,nok,ok,742,5,2,2,0,0,0,0,9,"1,2",10:00-10:30
2025-02-21,Morning,Alex,1,100005058.00.05,4000064,751,750,open,na,ok,ok,nok,nok,ok,742,5,2,0,2,0,0,0,9,"1,2",10:00-10:30
2025-02-21,Afternoon,John,1,100005078.00.06,4000064,139,720,CLOSED,ok,ok,ok,ok,ok,ok,139,0,0,0,0,0,0,0,0,0,18:00-18:30
2025-02-21,Afternoon,John,1,100005081.00.05,4000064,139,720,CLOSED,na,ok,ok,nok,nok,ok,137,1,1,0,0,0,0,0,2,"1,44",18:00-18:30
2025-02-21,Afternoon,John,1,100005058.00.05,4000064,139,720,CLOSED,na,ok,ok,nok,ok,ok,137,1,0,0,0,1,0,0,2,"1,44",18:00-18:30
2025-02-21,Afternoon,John,1,100005078.00.06,4000067,628,720,open,ok,ok,ok,nok,nok,ok,619,5,2,2,0,0,0,0,9,"1,43",18:00-18:30
2025-02-21,Afternoon,John,1,100005081.00.05,4000067,628,720,open,na,ok,ok,nok,nok,ok,618,6,2,0,0,2,0,0,10,"1,59",18:00-18:30
2025-02-21,Afternoon,John,1,100005058.00.05,4000067,628,720,open,na,ok,ok,nok,nok,ok,620,5,1,0,0,2,0,0,8,"1,27",18:00-18:30
2025-02-24,Morning,Alex,1,100005078.00.06,4000067,572,720,CLOSED,ok,ok,ok,nok,nok,ok,567,3,1,1,0,0,0,0,5,"0,87",10:00-10:30
2025-02-24,Morning,Alex,1,100005081.00.05,4000067,572,720,CLOSED,na,ok,ok,nok,nok,ok,565,4,2,1,0,0,0,0,7,"1,22",10:00-10:30
2025-02-24,Morning,Alex,1,100005058.00.05,4000067,572,720,CLOSED,na,ok,ok,nok,nok,ok,563,5,2,0,2,0,0,0,9,"1,57",10:00-10:30
2025-02-24,Morning,Alex,1,100005078.00.06,4000070,160,720,open,ok,ok,ok,ok,ok,ok,160,0,0,0,0,0,0,0,0,0,10:00-10:30
2025-02-24,Morning,Alex,1,100005081.00.05,4000070,160,720,open,na,ok,ok,ok,nok,ok,159,0,1,0,0,0,0,0,1,"0,62",10:00-10:30
2025-02-24,Morning,Alex,1,100005058.00.05,4000070,160,720,open,na,ok,ok,nok,nok,ok,155,2,1,0,0,2,0,0,5,"3,12",10:00-10:30
2025-02-24,Afternoon,John,1,100005078.00.06,4000070,730,750,open,ok,ok,ok,nok,nok,ok,718,6,4,0,2,0,0,0,12,"1,64",18:00-18:30
2025-02-24,Afternoon,John,1,100005081.00.05,4000070,730,750,open,na,ok,ok,nok,nok,ok,722,4,2,0,0,2,0,0,8,"1,1",18:00-18:30
2025-02-24,Afternoon,John,1,100005058.00.05,4000070,730,750,open,na,ok,ok,nok,nok,ok,724,3,1,0,2,0,0,0,6,"0,82",18:00-18:30
2025-02-25,Morning,Alex,2,100005035.00.03,4000068,178,720,CLOSED,na,ok,ok,nok,ok,ok,177,1,0,0,0,0,0,0,1,"0,56",10:00-10:30
2025-02-25,Morning,Alex,2,100005039.00.04,4000068,178,720,CLOSED,na,ok,ok,nok,nok,ok,175,1,1,0,1,0,0,0,3,"1,69",10:00-10:30
2025-02-25,Morning,Alex,2,100005035.00.03,4000071,567,720,open,na,ok,ok,nok,ok,ok,565,1,0,1,0,0,0,0,2,"0,35",10:00-10:30
2025-02-25,Morning,Alex,2,100005039.00.04,4000071,567,720,open,na,ok,ok,nok,nok,ok,563,2,1,0,0,1,0,0,4,"0,71",10:00-10:30
2025-02-25,Afternoon,John,2,100005035.00.03,4000071,633,720,CLOSED,na,ok,ok,nok,nok,ok,626,3,2,0,0,2,0,0,7,"1,11",18:00-18:30
2025-02-25,Afternoon,John,2,100005039.00.04,4000071,633,720,CLOSED,na,ok,ok,nok,nok,ok,629,2,1,1,0,0,0,0,4,"0,63",18:00-18:30
2025-02-25,Afternoon,John,2,100005035.00.03,4000072,120,720,open,na,ok,ok,ok,ok,ok,120,0,0,0,0,0,0,0,0,0,18:00-18:30
2025-02-25,Afternoon,John,2,100005039.00.04,4000072,120,720,open,na,ok,ok,nok,ok,ok,119,1,0,0,0,0,0,0,1,"0,83",18:00-18:30
2025-02-26,Morning,John,3,100005049.00.03,4000069,156,720,CLOSED,na,ok,ok,ok,ok,ok,156,0,0,0,0,0,0,0,0,0,10:00-10:30
2025-02-26,Morning,John,3,100005051.00.04,4000069,156,720,CLOSED,na,ok,ok,nok,nok,ok,154,1,1,0,0,0,0,0,2,"1,28",10:00-10:30
2025-02-26,Morning,John,3,100005049.00.03,4000073,579,720,open,na,ok,ok,nok,nok,ok,574,3,1,1,0,0,0,0,5,"0,86",10:00-10:30
2025-02-26,Morning,John,3,100005051.00.04,4000073,579,720,open,na,ok,ok,nok,nok,ok,573,4,1,1,0,0,0,0,6,"1,04",10:00-10:30
2025-02-26,Afternoon,Alex,3,100005049.00.03,4000073,621,720,CLOSED,na,ok,ok,nok,ok,ok,620,1,0,0,0,0,0,0,1,"0,16",18:00-18:30
2025-02-26,Afternoon,Alex,3,100005051.00.04,4000073,621,720,CLOSED,na,ok,ok,nok,nok,ok,614,4,2,1,0,0,0,0,7,"1,13",18:00-18:30
2025-02-26,Afternoon,Alex,3,100005049.00.03,4000074,82,720,open,na,ok,ok,nok,ok,ok,81,1,0,0,0,0,0,0,1,"1,22",18:00-18:30
2025-02-26,Afternoon,Alex,3,100005051.00.04,4000074,82,720,open,na,ok,ok,nok,ok,ok,81,1,0,0,0,0,0,0,1,"1,22",18:00-18:30
2025-02-27,Morning,John,1,100005078.00.06,4000070,310,720,CLOSED,ok,ok,ok,nok,nok,ok,308,1,1,0,0,0,0,0,2,"0,65",10:00-10:30
2025-02-27,Morning,John,1,100005081.00.05,4000070,310,720,CLOSED,na,ok,ok,nok,ok,ok,307,2,0,1,0,0,0,0,3,"0,97",10:00-10:30
2025-02-27,Morning,John,1,100005058.00.05,4000070,310,720,CLOSED,na,ok,ok,nok,nok,ok,308,1,1,0,0,0,0,0,2,"0,65",10:00-10:30
2025-02-27,Morning,John,1,100005078.00.06,4000075,434,720,open,ok,ok,ok,nok,nok,ok,430,3,1,0,0,0,0,0,4,"0,92",10:00-10:30
2025-02-27,Morning,John,1,100005081.00.05,4000075,434,720,open,na,ok,ok,nok,nok,ok,432,1,1,0,0,0,0,0,2,"0,46",10:00-10:30
2025-02-27,Morning,John,1,100005058.00.05,4000075,434,720,open,na,ok,ok,nok,nok,ok,429,2,1,0,2,0,0,0,5,"1,15",10:00-10:30
2025-02-27,Afternoon,Alex,1,100005078.00.06,4000075,745,750,open,ok,ok,ok,nok,nok,ok,734,5,4,2,0,0,0,0,11,"1,48",18:00-18:30
2025-02-27,Afternoon,Alex,1,100005081.00.05,4000075,745,750,open,na,ok,ok,nok,nok,ok,741,2,1,0,1,0,0,0,4,"0,54",18:00-18:30
2025-02-27,Afternoon,Alex,1,100005058.00.05,4000075,745,750,open,na,ok,ok,nok,nok,ok,733,6,4,0,2,0,0,0,12,"1,61",18:00-18:30
2025-02-28,Morning,John,2,100005035.00.03,4000072,718,750,open,na,ok,ok,nok,nok,ok,707,7,2,0,0,2,0,0,11,"1,53",10:00-10:30
2025-02-28,Morning,John,2,100005039.00.04,4000072,718,750,open,na,ok,ok,nok,nok,ok,709,4,3,0,0,2,0,0,9,"1,25",10:00-10:30
2025-02-28,Afternoon,Alex,2,100005035.00.03,4000072,362,720,CLOSED,na,ok,ok,nok,ok,ok,359,2,0,1,0,0,0,0,3,"0,83",18:00-18:30
2025-02-28,Afternoon,Alex,2,100005039.00.04,4000072,362,720,CLOSED,na,ok,ok,nok,ok,ok,359,2,0,0,1,0,0,0,3,"0,83",18:00-18:30
2025-02-28,Afternoon,Alex,2,100005035.00.03,4000076,353,720,open,na,ok,ok,nok,nok,ok,351,1,1,0,0,0,0,0,2,"0,57",18:00-18:30
2025-02-28,Afternoon,Alex,2,100005039.00.04,4000076,353,720,open,na,ok,ok,nok,nok,ok,345,5,1,0,0,2,0,0,8,"2,27",18:00-18:30
2025-03-03,Morning,John,2,100005035.00.03,4000076,706,750,open,na,ok,ok,nok,nok,ok,700,3,2,0,1,0,0,0,6,"0,85",10:00-10:30
2025-03-03,Morning,John,2,100005039.00.04,4000076,706,750,open,na,ok,ok,nok,nok,ok,698,4,2,0,0,2,0,0,8,"1,13",10:00-10:30
2025-03-03,Afternoon,Alex,2,100005035.00.03,4000076,141,720,CLOSED,na,ok,ok,nok,ok,ok,140,1,0,0,0,0,0,0,1,"0,71",18:00-18:30
2025-03-03,Afternoon,Alex,2,100005039.00.04,4000076,141,720,CLOSED,na,ok,ok,nok,ok,ok,140,1,0,0,0,0,0,0,1,"0,71",18:00-18:30
2025-03-03,Afternoon,Alex,2,100005035.00.03,4000080,570,720,open,na,ok,ok,nok,nok,ok,564,3,1,2,0,0,0,0,6,"1,05",18:00-18:30
2025-03-03,Afternoon,Alex,2,100005039.00.04,4000080,570,720,open,na,ok,ok,nok,nok,ok,563,4,2,1,0,0,0,0,7,"1,23",18:00-18:30
2025-03-04,Morning,John,3,100005049.00.03,4000077,746,750,open,na,ok,ok,nok,nok,ok,738,4,2,0,2,0,0,0,8,"1,07",10:00-10:30
2025-03-04,Morning,John,3,100005051.00.04,4000077,746,750,open,na,ok,ok,nok,nok,ok,739,3,2,0,0,2,0,0,7,"0,94",10:00-10:30
2025-03-04,Afternoon,Alex,3,100005049.00.03,4000077,113,720,CLOSED,na,ok,ok,nok,ok,ok,110,2,0,1,0,0,0,0,3,"2,65",18:00-18:30
2025-03-04,Afternoon,Alex,3,100005051.00.04,4000077,113,720,CLOSED,na,ok,ok,nok,ok,ok,112,1,0,0,0,0,0,0,1,"0,88",18:00-18:30
2025-03-04,Afternoon,Alex,3,100005049.00.03,4000081,645,720,open,na,ok,ok,nok,nok,ok,638,4,2,0,1,0,0,0,7,"1,09",18:00-18:30
2025-03-04,Afternoon,Alex,3,100005051.00.04,4000081,645,720,open,na,ok,ok,nok,nok,ok,637,4,2,2,0,0,0,0,8,"1,24",18:00-18:30
2025-03-05,Morning,Alex,1,100005078.00.06,4000079,746,750,open,ok,ok,ok,nok,nok,ok,740,4,1,0,1,0,0,0,6,"0,8",10:00-10:30
2025-03-05,Morning,Alex,1,100005081.00.05,4000079,746,750,open,na,ok,ok,nok,nok,ok,741,3,1,0,1,0,0,0,5,"0,67",10:00-10:30
2025-03-05,Morning,Alex,1,100005058.00.05,4000079,746,750,open,na,ok,ok,nok,nok,ok,735,5,2,0,4,0,0,0,11,"1,47",10:00-10:30
2025-03-05,Afternoon,John,1,100005078.00.06,4000079,178,720,CLOSED,ok,ok,ok,ok,ok,ok,178,0,0,0,0,0,0,0,0,0,18:00-18:30
2025-03-05,Afternoon,John,1,100005081.00.05,4000079,178,720,CLOSED,na,ok,ok,nok,ok,ok,177,1,0,0,0,0,0,0,1,"0,56",18:00-18:30
2025-03-05,Afternoon,John,1,100005058.00.05,4000079,178,720,CLOSED,na,ok,ok,nok,nok,ok,176,1,1,0,0,0,0,0,2,"1,12",18:00-18:30
2025-03-05,Afternoon,John,1,100005078.00.06,4000082,577,720,open,ok,ok,ok,nok,nok,ok,572,3,1,0,1,0,0,0,5,"0,87",18:00-18:30
2025-03-05,Afternoon,John,1,100005081.00.05,4000082,577,720,open,na,ok,ok,nok,ok,ok,575,1,0,0,1,0,0,0,2,"0,35",18:00-18:30
2025-03-05,Afternoon,John,1,100005058.00.05,4000082,577,720,open,na,ok,ok,nok,nok,ok,574,2,1,0,0,0,0,0,3,"0,52",18:00-18:30
2025-03-06,Morning,Alex,2,100005035.00.03,4000080,630,720,CLOSED,na,ok,ok,nok,nok,ok,620,5,3,0,0,2,0,0,10,"1,59",10:00-10:30
2025-03-06,Morning,Alex,2,100005039.00.04,4000080,630,720,CLOSED,na,ok,ok,nok,nok,ok,627,1,1,1,0,0,0,0,3,"0,48",10:00-10:30
2025-03-06,Morning,Alex,2,100005035.00.03,4000083,125,720,open,na,ok,ok,ok,ok,ok,125,0,0,0,0,0,0,0,0,0,10:00-10:30
2025-03-06,Morning,Alex,2,100005039.00.04,4000083,125,720,open,na,ok,ok,nok,nok,ok,123,1,1,0,0,0,0,0,2,"1,6",10:00-10:30
2025-03-06,Afternoon,John,2,100005035.00.03,4000083,709,750,open,na,ok,ok,nok,nok,ok,701,5,2,0,0,1,0,0,8,"1,13",18:00-18:30
2025-03-06,Afternoon,John,2,100005039.00.04,4000083,709,750,open,na,ok,ok,nok,nok,ok,705,2,1,0,0,1,0,0,4,"0,56",18:00-18:30
2025-03-07,Morning,Alex,3,100005049.00.03,4000081,555,720,CLOSED,na,ok,ok,nok,nok,ok,550,2,2,1,0,0,0,0,5,"0,9",10:00-10:30
2025-03-07,Morning,Alex,3,100005051.00.04,4000081,555,720,CLOSED,na,ok,ok,nok,nok,ok,545,5,3,2,0,0,0,0,10,"1,8",10:00-10:30
2025-03-07,Morning,Alex,3,100005049.00.03,4000084,180,720,open,na,ok,ok,nok,nok,ok,178,1,1,0,0,0,0,0,2,"1,11",10:00-10:30
2025-03-07,Morning,Alex,3,100005051.00.04,4000084,180,720,open,na,ok,ok,nok,nok,ok,178,1,1,0,0,0,0,0,2,"1,11",10:00-10:30
2025-03-07,Afternoon,John,3,100005049.00.03,4000084,736,750,open,na,ok,ok,nok,nok,ok,727,5,2,0,0,2,0,0,9,"1,22",18:00-18:30
2025-03-07,Afternoon,John,3,100005051.00.04,4000084,736,750,open,na,ok,ok,nok,nok,ok,728,4,2,0,2,0,0,0,8,"1,09",18:00-18:30
2025-03-10,Morning,Alex,3,100005049.00.03,4000084,284,720,CLOSED,na,ok,ok,nok,ok,ok,282,1,0,1,0,0,0,0,2,"0,7",10:00-10:30
2025-03-10,Morning,Alex,3,100005051.00.04,4000084,284,720,CLOSED,na,ok,ok,nok,ok,ok,283,1,0,0,0,0,0,0,1,"0,35",10:00-10:30
2025-03-10,Morning,Alex,3,100005049.00.03,4000088,425,720,open,na,ok,ok,nok,nok,ok,421,2,1,1,0,0,0,0,4,"0,94",10:00-10:30
2025-03-10,Morning,Alex,3,100005051.00.04,4000088,425,720,open,na,ok,ok,nok,nok,ok,422,1,1,0,0,1,0,0,3,"0,71",10:00-10:30
2025-03-10,Afternoon,John,3,100005049.00.03,4000088,744,750,open,na,ok,ok,nok,nok,ok,738,3,1,2,0,0,0,0,6,"0,81",18:00-18:30
2025-03-10,Afternoon,John,3,100005051.00.04,4000088,744,750,open,na,ok,ok,nok,nok,ok,738,3,2,1,0,0,0,0,6,"0,81",18:00-18:30
2025-03-11,Morning,Alex,1,100005078.00.06,4000086,336,720,CLOSED,ok,ok,ok,nok,nok,ok,333,2,1,0,0,0,0,0,3,"0,89",10:00-10:30
2025-03-11,Morning,Alex,1,100005081.00.05,4000086,336,720,CLOSED,na,ok,ok,nok,nok,ok,331,3,1,0,1,0,0,0,5,"1,49",10:00-10:30
2025-03-11,Morning,Alex,1,100005058.00.05,4000086,336,720,CLOSED,na,ok,ok,nok,nok,ok,330,4,1,0,1,0,0,0,6,"1,79",10:00-10:30
2025-03-11,Morning,Alex,1,100005078.00.06,4000089,396,720,open,ok,ok,ok,nok,nok,ok,392,2,1,1,0,0,0,0,4,"1,01",10:00-10:30
2025-03-11,Morning,Alex,1,100005081.00.05,4000089,396,720,open,na,ok,ok,nok,nok,ok,390,4,1,0,0,1,0,0,6,"1,52",10:00-10:30
2025-03-11,Morning,Alex,1,100005058.00.05,4000089,396,720,open,na,ok,ok,nok,nok,ok,390,3,1,2,0,0,0,0,6,"1,52",10:00-10:30
2025-03-11,Afternoon,John,1,100005078.00.06,4000089,750,750,open,ok,ok,ok,nok,nok,ok,743,4,2,1,0,0,0,0,7,"0,93",18:00-18:30
2025-03-11,Afternoon,John,1,100005081.00.05,4000089,750,750,open,na,ok,ok,nok,nok,ok,743,4,2,0,1,0,0,0,7,"0,93",18:00-18:30
2025-03-11,Afternoon,John,1,100005058.00.05,4000089,750,750,open,na,ok,ok,nok,nok,ok,740,6,2,2,0,0,0,0,10,"1,33",18:00-18:30
2025-03-12,Morning,John,2,100005035.00.03,4000087,73,720,CLOSED,na,ok,ok,ok,ok,ok,73,0,0,0,0,0,0,0,0,0,10:00-10:30
2025-03-12,Morning,John,2,100005039.00.04,4000087,73,720,CLOSED,na,ok,ok,ok,ok,ok,73,0,0,0,0,0,0,0,0,0,10:00-10:30
2025-03-12,Morning,John,2,100005035.00.03,4000090,657,720,open,na,ok,ok,nok,nok,ok,654,2,1,0,0,0,0,0,3,"0,46",10:00-10:30
2025-03-12,Morning,John,2,100005039.00.04,4000090,657,720,open,na,ok,ok,nok,nok,ok,649,5,2,1,0,0,0,0,8,"1,22",10:00-10:30
2025-03-12,Afternoon,Alex,2,100005035.00.03,4000090,543,720,CLOSED,na,ok,ok,nok,nok,ok,535,5,1,0,0,2,0,0,8,"1,47",18:00-18:30
2025-03-12,Afternoon,Alex,2,100005039.00.04,4000090,543,720,CLOSED,na,ok,ok,nok,nok,ok,538,3,1,1,0,0,0,0,5,"0,92",18:00-18:30
2025-03-12,Afternoon,Alex,2,100005035.00.03,4000091,169,720,open,na,ok,ok,nok,ok,ok,167,1,0,0,1,0,0,0,2,"1,18",18:00-18:30
2025-03-12,Afternoon,Alex,2,100005039.00.04,4000091,169,720,open,na,ok,ok,nok,nok,ok,167,1,1,0,0,0,0,0,2,"1,18",18:00-18:30
2025-03-13,Morning,John,3,100005049.00.03,4000088,31,720,CLOSED,na,ok,ok,ok,ok,ok,30,0,0,1,0,0,0,0,1,"3,23",10:00-10:30
2025-03-13,Morning,John,3,100005051.00.04,4000088,31,720,CLOSED,na,ok,ok,ok,ok,ok,31,0,0,0,0,0,0,0,0,0,10:00-10:30
2025-03-13,Morning,John,3,100005049.00.03,4000094,697,720,open,na,ok,ok,nok,nok,ok,690,3,2,0,0,2,0,0,7,1,10:00-10:30
2025-03-13,Morning,John,3,100005051.00.04,4000094,697,720,open,na,ok,ok,nok,nok,ok,693,2,1,0,1,0,0,0,4,"0,57",10:00-10:30
2025-03-13,Afternoon,Alex,3,100005049.00.03,4000094,503,720,CLOSED,na,ok,ok,nok,nok,ok,498,3,1,0,0,1,0,0,5,"0,99",18:00-18:30
2025-03-13,Afternoon,Alex,3,100005051.00.04,4000094,503,720,CLOSED,na,ok,ok,nok,nok,ok,497,3,2,0,1,0,0,0,6,"1,19",18:00-18:30
2025-03-13,Afternoon,Alex,3,100005049.00.03,4000095,229,720,open,na,ok,ok,ok,ok,ok,229,0,0,0,0,0,0,0,0,0,18:00-18:30
2025-03-13,Afternoon,Alex,3,100005051.00.04,4000095,229,720,open,na,ok,ok,nok,ok,ok,226,2,0,1,0,0,0,0,3,"1,31",18:00-18:30
2025-03-14,Morning,John,1,100005078.00.06,4000089,54,720,CLOSED,ok,ok,ok,ok,ok,ok,54,0,0,0,0,0,0,0,0,0,10:00-10:30
2025-03-14,Morning,John,1,100005081.00.05,4000089,54,720,CLOSED,na,ok,ok,ok,ok,ok,54,0,0,0,0,0,0,0,0,0,10:00-10:30
2025-03-14,Morning,John,1,100005058.00.05,4000089,54,720,CLOSED,na,ok,ok,ok,ok,ok,54,0,0,0,0,0,0,0,0,0,10:00-10:30
2025-03-14,Morning,John,1,100005078.00.06,4000096,689,720,open,ok,ok,ok,nok,nok,ok,682,4,1,0,0,2,0,0,7,"1,02",10:00-10:30
2025-03-14,Morning,John,1,100005081.00.05,4000096,689,720,open,na,ok,ok,nok,nok,ok,683,4,1,0,1,0,0,0,6,"0,87",10:00-10:30
2025-03-14,Morning,John,1,100005058.00.05,4000096,689,720,open,na,ok,ok,nok,nok,ok,683,3,1,2,0,0,0,0,6,"0,87",10:00-10:30
2025-03-14,Afternoon,Alex,1,100005078.00.06,4000096,511,720,CLOSED,ok,ok,ok,nok,ok,ok,508,2,0,0,1,0,0,0,3,"0,59",18:00-18:30
2025-03-14,Afternoon,Alex,1,100005081.00.05,4000096,511,720,CLOSED,na,ok,ok,nok,ok,ok,507,3,0,1,0,0,0,0,4,"0,78",18:00-18:30
2025-03-14,Afternoon,Alex,1,100005058.00.05,4000096,511,720,CLOSED,na,ok,ok,nok,nok,ok,508,2,1,0,0,0,0,0,3,"0,59",18:00-18:30
2025-03-14,Afternoon,Alex,1,100005078.00.06,4000097,245,720,open,ok,ok,ok,nok,nok,ok,243,1,1,0,0,0,0,0,2,"0,82",18:00-18:30
2025-03-14,Afternoon,Alex,1,100005081.00.05,4000097,245,720,open,na,ok,ok,nok,nok,ok,239,3,1,2,0,0,0,0,6,"2,45",18:00-18:30
2025-03-14,Afternoon,Alex,1,100005058.00.05,4000097,245,720,open,na,ok,ok,nok,nok,ok,243,1,1,0,0,0,0,0,2,"0,82",18:00-18:30
2025-03-17,Morning,John,1,100005078.00.06,4000097,734,750,open,ok,ok,ok,nok,nok,ok,727,3,2,0,2,0,0,0,7,"0,95",10:00-10:30
2025-03-17,Morning,John,1,100005081.00.05,4000097,734,750,open,na,ok,ok,nok,nok,ok,724,5,2,3,0,0,0,0,10,"1,36",10:00-10:30
2025-03-17,Morning,John,1,100005058.00.05,4000097,734,750,open,na,ok,ok,nok,nok,ok,728,4,1,1,0,0,0,0,6,"0,82",10:00-10:30
2025-03-17,Afternoon,Alex,1,100005078.00.06,4000097,221,720,CLOSED,ok,ok,ok,nok,nok,ok,218,2,1,0,0,0,0,0,3,"1,36",18:00-18:30
2025-03-17,Afternoon,Alex,1,100005081.00.05,4000097,221,720,CLOSED,na,ok,ok,nok,ok,ok,218,2,0,0,0,1,0,0,3,"1,36",18:00-18:30
2025-03-17,Afternoon,Alex,1,100005058.00.05,4000097,221,720,CLOSED,na,ok,ok,nok,ok,ok,220,1,0,0,0,0,0,0,1,"0,45",18:00-18:30
2025-03-17,Afternoon,Alex,1,100005078.00.06,4000100,529,720,open,ok,ok,ok,nok,nok,ok,523,4,1,0,0,1,0,0,6,"1,13",18:00-18:30
2025-03-17,Afternoon,Alex,1,100005081.00.05,4000100,529,720,open,na,ok,ok,nok,nok,ok,524,3,1,1,0,0,0,0,5,"0,95",18:00-18:30
2025-03-17,Afternoon,Alex,1,100005058.00.05,4000100,529,720,open,na,ok,ok,nok,nok,ok,524,3,1,0,1,0,0,0,5,"0,95",18:00-18:30
2025-03-18,Morning,John,2,100005035.00.03,4000098,711,750,open,na,ok,ok,nok,nok,ok,706,2,1,0,0,2,0,0,5,"0,7",10:00-10:30
2025-03-18,Morning,John,2,100005039.00.04,4000098,711,750,open,na,ok,ok,nok,nok,ok,706,3,1,0,1,0,0,0,5,"0,7",10:00-10:30
2025-03-18,Afternoon,Alex,2,100005035.00.03,4000098,64,720,CLOSED,na,ok,ok,nok,ok,ok,63,1,0,0,0,0,0,0,1,"1,56",18:00-18:30
2025-03-18,Afternoon,Alex,2,100005039.00.04,4000098,64,720,CLOSED,na,ok,ok,nok,ok,ok,63,1,0,0,0,0,0,0,1,"1,56",18:00-18:30
2025-03-18,Afternoon,Alex,2,100005035.00.03,4000101,663,720,open,na,ok,ok,nok,nok,ok,656,4,1,0,0,2,0,0,7,"1,06",18:00-18:30
2025-03-18,Afternoon,Alex,2,100005039.00.04,4000101,663,720,open,na,ok,ok,nok,nok,ok,656,4,1,0,2,0,0,0,7,"1,06",18:00-18:30
2025-03-19,Morning,Alex,3,100005049.00.03,4000099,715,720,CLOSED,na,ok,ok,nok,nok,ok,709,3,1,0,2,0,0,0,6,"0,84",10:00-10:30
2025-03-19,Morning,Alex,3,100005051.00.04,4000099,715,720,CLOSED,na,ok,ok,nok,nok,ok,710,3,1,1,0,0,0,0,5,"0,7",10:00-10:30
2025-03-19,Morning,Alex,3,100005049.00.03,4000102,23,720,open,na,ok,ok,ok,ok,ok,23,0,0,0,0,0,0,0,0,0,10:00-10:30
2025-03-19,Morning,Alex,3,100005051.00.04,4000102,23,720,open,na,ok,ok,ok,ok,ok,23,0,0,0,0,0,0,0,0,0,10:00-10:30
2025-03-19,Afternoon,John,3,100005049.00.03,4000102,731,750,open,na,ok,ok,nok,nok,ok,726,2,1,0,2,0,0,0,5,"0,68",18:00-18:30
2025-03-19,Afternoon,John,3,100005051.00.04,4000102,731,750,open,na,ok,ok,nok,nok,ok,720,6,2,0,3,0,0,0,11,"1,5",18:00-18:30
2025-03-20,Morning,Alex,1,100005078.00.06,4000100,671,720,CLOSED,ok,ok,ok,nok,nok,ok,665,4,1,0,0,1,0,0,6,"0,89",10:00-10:30
2025-03-20,Morning,Alex,1,100005081.00.05,4000100,671,720,CLOSED,na,ok,ok,nok,nok,ok,665,4,1,0,1,0,0,0,6,"0,89",10:00-10:30
2025-03-20,Morning,Alex,1,100005058.00.05,4000100,671,720,CLOSED,na,ok,ok,nok,nok,ok,666,3,1,0,1,0,0,0,5,"0,75",10:00-10:30
2025-03-20,Morning,Alex,1,100005078.00.06,4000103,87,720,open,ok,ok,ok,ok,nok,ok,86,0,1,0,0,0,0,0,1,"1,15",10:00-10:30
2025-03-20,Morning,Alex,1,100005081.00.05,4000103,87,720,open,na,ok,ok,ok,ok,ok,87,0,0,0,0,0,0,0,0,0,10:00-10:30
2025-03-20,Morning,Alex,1,100005058.00.05,4000103,87,720,open,na,ok,ok,ok,ok,ok,87,0,0,0,0,0,0,0,0,0,10:00-10:30
2025-03-20,Afternoon,John,1,100005078.00.06,4000103,755,750,open,ok,ok,ok,nok,ok,ok,752,2,0,0,0,1,0,0,3,"0,4",18:00-18:30
2025-03-20,Afternoon,John,1,100005081.00.05,4000103,755,750,open,na,ok,ok,nok,nok,ok,747,4,2,0,0,2,0,0,8,"1,06",18:00-18:30
2025-03-20,Afternoon,John,1,100005058.00.05,4000103,755,750,open,na,ok,ok,nok,nok,ok,748,5,1,0,1,0,0,0,7,"0,93",18:00-18:30
2025-03-21,Morning,Alex,2,100005035.00.03,4000101,537,720,CLOSED,na,ok,ok,nok,nok,ok,532,3,1,0,0,1,0,0,5,"0,93",10:00-10:30
2025-03-21,Morning,Alex,2,100005039.00.04,4000101,537,720,CLOSED,na,ok,ok,nok,nok,ok,530,4,2,0,0,1,0,0,7,"1,3",10:00-10:30
2025-03-21,Morning,Alex,2,100005035.00.03,4000104,209,720,open,na,ok,ok,nok,ok,ok,208,1,0,0,0,0,0,0,1,"0,48",10:00-10:30
2025-03-21,Morning,Alex,2,100005039.00.04,4000104,209,720,open,na,ok,ok,nok,ok,ok,208,1,0,0,0,0,0,0,1,"0,48",10:00-10:30
2025-03-21,Afternoon,John,2,100005035.00.03,4000104,730,750,open,na,ok,ok,nok,nok,ok,718,6,3,3,0,0,0,0,12,"1,64",18:00-18:30
2025-03-21,Afternoon,John,2,100005039.00.04,4000104,730,750,open,na,ok,ok,nok,nok,ok,723,3,2,0,0,2,0,0,7,"0,96",18:00-18:30
2025-03-24,Morning,Alex,2,100005035.00.03,4000104,261,720,CLOSED,na,ok,ok,nok,nok,ok,259,1,1,0,0,0,0,0,2,"0,77",10:00-10:30
2025-03-24,Morning,Alex,2,100005039.00.04,4000104,261,720,CLOSED,na,ok,ok,ok,ok,ok,261,0,0,0,0,0,0,0,0,0,10:00-10:30
2025-03-24,Morning,Alex,2,100005035.00.03,4000107,446,720,open,na,ok,ok,nok,ok,ok,443,2,0,1,0,0,0,0,3,"0,67",10:00-10:30
2025-03-24,Morning,Alex,2,100005039.00.04,4000107,446,720,open,na,ok,ok,nok,nok,ok,442,2,1,0,1,0,0,0,4,"0,9",10:00-10:30
2025-03-24,Afternoon,John,2,100005035.00.03,4000107,710,750,open,na,ok,ok,nok,nok,ok,698,7,2,3,0,0,0,0,12,"1,69",18:00-18:30
2025-03-24,Afternoon,John,2,100005039.00.04,4000107,710,750,open,na,ok,ok,nok,nok,ok,702,5,1,2,0,0,0,0,8,"1,13",18:00-18:30
2025-03-25,Morning,Alex,3,100005049.00.03,4000105,187,720,CLOSED,na,ok,ok,nok,ok,ok,186,1,0,0,0,0,0,0,1,"0,53",10:00-10:30
2025-03-25,Morning,Alex,3,100005051.00.04,4000105,187,720,CLOSED,na,ok,ok,nok,nok,ok,184,2,1,0,0,0,0,0,3,"1,6",10:00-10:30
2025-03-25,Morning,Alex,3,100005049.00.03,4000108,535,720,open,na,ok,ok,nok,nok,ok,530,3,1,0,0,1,0,0,5,"0,93",10:00-10:30
2025-03-25,Morning,Alex,3,100005051.00.04,4000108,535,720,open,na,ok,ok,nok,nok,ok,530,3,1,0,0,1,0,0,5,"0,93",10:00-10:30
2025-03-25,Afternoon,John,3,100005049.00.03,4000108,665,720,CLOSED,na,ok,ok,nok,nok,ok,661,2,1,0,1,0,0,0,4,"0,6",18:00-18:30
2025-03-25,Afternoon,John,3,100005051.00.04,4000108,665,720,CLOSED,na,ok,ok,nok,nok,ok,655,6,2,2,0,0,0,0,10,"1,5",18:00-18:30
2025-03-25,Afternoon,John,3,100005049.00.03,4000109,90,720,open,na,ok,ok,ok,ok,ok,90,0,0,0,0,0,0,0,0,0,18:00-18:30
2025-03-25,Afternoon,John,3,100005051.00.04,4000109,90,720,open,na,ok,ok,ok,ok,ok,90,0,0,0,0,0,0,0,0,0,18:00-18:30
2025-03-26,Morning,John,1,100005078.00.06,4000106,52,720,CLOSED,ok,ok,ok,nok,ok,ok,51,1,0,0,0,0,0,0,1,"1,92",10:00-10:30
2025-03-26,Morning,John,1,100005081.00.05,4000106,52,720,CLOSED,na,ok,ok,ok,ok,ok,52,0,0,0,0,0,0,0,0,0,10:00-10:30
2025-03-26,Morning,John,1,100005058.00.05,4000106,52,720,CLOSED,na,ok,ok,ok,ok,ok,52,0,0,0,0,0,0,0,0,0,10:00-10:30
2025-03-26,Morning,John,1,100005078.00.06,4000110,686,720,open,ok,ok,ok,nok,nok,ok,681,3,1,0,0,1,0,0,5,"0,73",10:00-10:30
2025-03-26,Morning,John,1,100005081.00.05,4000110,686,720,open,na,ok,ok,nok,nok,ok,678,4,2,0,2,0,0,0,8,"1,17",10:00-10:30
2025-03-26,Morning,John,1,100005058.00.05,4000110,686,720,open,na,ok,ok,nok,nok,ok,680,4,1,0,0,1,0,0,6,"0,87",10:00-10:30
2025-03-26,Afternoon,Alex,1,100005078.00.06,4000110,514,720,CLOSED,ok,ok,ok,nok,nok,ok,510,2,1,1,0,0,0,0,4,"0,78",18:00-18:30
2025-03-26,Afternoon,Alex,1,100005081.00.05,4000110,514,720,CLOSED,na,ok,ok,nok,nok,ok,510,2,1,1,0,0,0,0,4,"0,78",18:00-18:30
2025-03-26,Afternoon,Alex,1,100005058.00.05,4000110,514,720,CLOSED,na,ok,ok,nok,nok,ok,506,5,1,0,2,0,0,0,8,"1,56",18:00-18:30
2025-03-26,Afternoon,Alex,1,100005078.00.06,4000111,222,720,open,ok,ok,ok,nok,nok,ok,218,2,1,0,1,0,0,0,4,"1,8",18:00-18:30
2025-03-26,Afternoon,Alex,1,100005081.00.05,4000111,222,720,open,na,ok,ok,nok,nok,ok,219,2,1,0,0,0,0,0,3,"1,35",18:00-18:30
2025-03-26,Afternoon,Alex,1,100005058.00.05,4000111,222,720,open,na,ok,ok,nok,nok,ok,219,1,1,1,0,0,0,0,3,"1,35",18:00-18:30
2025-03-27,Morning,John,2,100005035.00.03,4000107,44,720,CLOSED,na,ok,ok,nok,ok,ok,43,1,0,0,0,0,0,0,1,"2,27",10:00-10:30
2025-03-27,Morning,John,2,100005039.00.04,4000107,44,720,CLOSED,na,ok,ok,nok,ok,ok,43,1,0,0,0,0,0,0,1,"2,27",10:00-10:30
2025-03-27,Morning,John,2,100005035.00.03,4000112,664,720,open,na,ok,ok,nok,nok,ok,658,4,1,0,1,0,0,0,6,"0,9",10:00-10:30
2025-03-27,Morning,John,2,100005039.00.04,4000112,664,720,open,na,ok,ok,nok,nok,ok,653,7,2,0,2,0,0,0,11,"1,66",10:00-10:30
2025-03-27,Afternoon,Alex,2,100005035.00.03,4000112,536,720,CLOSED,na,ok,ok,nok,nok,ok,530,3,1,2,0,0,0,0,6,"1,12",18:00-18:30
2025-03-27,Afternoon,Alex,2,100005039.00.04,4000112,536,720,CLOSED,na,ok,ok,nok,nok,ok,529,4,1,0,0,2,0,0,7,"1,31",18:00-18:30
2025-03-27,Afternoon,Alex,2,100005035.00.03,4000113,169,720,open,na,ok,ok,ok,ok,ok,169,0,0,0,0,0,0,0,0,0,18:00-18:30
2025-03-27,Afternoon,Alex,2,100005039.00.04,4000113,169,720,open,na,ok,ok,ok,ok,ok,169,0,0,0,0,0,0,0,0,0,18:00-18:30
2025-03-28,Morning,John,3,100005049.00.03,4000109,725,750,open,na,ok,ok,nok,nok,ok,716,5,2,0,2,0,0,0,9,"1,24",10:00-10:30
2025-03-28,Morning,John,3,100005051.00.04,4000109,725,750,open,na,ok,ok,nok,nok,ok,721,2,1,1,0,0,0,0,4,"0,55",10:00-10:30
2025-03-28,Afternoon,Alex,3,100005049.00.03,4000109,385,720,CLOSED,na,ok,ok,nok,nok,ok,381,2,1,0,1,0,0,0,4,"1,04",18:00-18:30
2025-03-28,Afternoon,Alex,3,100005051.00.04,4000109,385,720,CLOSED,na,ok,ok,nok,nok,ok,379,4,1,1,0,0,0,0,6,"1,56",18:00-18:30
2025-03-28,Afternoon,Alex,3,100005049.00.03,4000114,327,720,open,na,ok,ok,nok,ok,ok,324,2,0,1,0,0,0,0,3,"0,92",18:00-18:30
2025-03-28,Afternoon,Alex,3,100005051.00.04,4000114,327,720,open,na,ok,ok,ok,ok,ok,327,0,0,0,0,0,0,0,0,0,18:00-18:30
2025-03-31,Morning,John,3,100005049.00.03,4000114,732,750,open,na,ok,ok,nok,nok,ok,724,5,1,0,0,2,0,0,8,"1,09",10:00-10:30
2025-03-31,Morning,John,3,100005051.00.04,4000114,732,750,open,na,ok,ok,nok,nok,ok,723,5,2,0,2,0,0,0,9,"1,23",10:00-10:30
2025-03-31,Afternoon,Alex,3,100005049.00.03,4000114,141,720,CLOSED,na,ok,ok,nok,nok,ok,137,2,1,0,0,1,0,0,4,"2,84",18:00-18:30
2025-03-31,Afternoon,Alex,3,100005051.00.04,4000114,141,720,CLOSED,na,ok,ok,nok,ok,ok,140,1,0,0,0,0,0,0,1,"0,71",18:00-18:30
2025-03-31,Afternoon,Alex,3,100005049.00.03,4000117,608,720,open,na,ok,ok,nok,ok,ok,605,2,0,0,0,1,0,0,3,"0,49",18:00-18:30
2025-03-31,Afternoon,Alex,3,100005051.00.04,4000117,608,720,open,na,ok,ok,nok,nok,ok,602,3,1,2,0,0,0,0,6,"0,99",18:00-18:30
2025-04-01,Morning,John,1,100005078.00.06,4000115,670,720,CLOSED,ok,ok,ok,nok,ok,ok,667,2,0,0,0,1,0,0,3,"0,45",10:00-10:30
2025-04-01,Morning,John,1,100005081.00.05,4000115,670,720,CLOSED,na,ok,ok,nok,ok,ok,666,3,0,0,0,1,0,0,4,"0,6",10:00-10:30
2025-04-01,Morning,John,1,100005058.00.05,4000115,670,720,CLOSED,na,ok,ok,nok,nok,ok,662,5,2,0,1,0,0,0,8,"1,19",10:00-10:30
2025-04-01,Morning,John,1,100005078.00.06,4000118,71,720,open,ok,ok,ok,nok,ok,ok,70,1,0,0,0,0,0,0,1,"1,41",10:00-10:30
2025-04-01,Morning,John,1,100005081.00.05,4000118,71,720,open,na,ok,ok,ok,ok,ok,70,0,0,0,0,1,0,0,1,"1,41",10:00-10:30
2025-04-01,Morning,John,1,100005058.00.05,4000118,71,720,open,na,ok,ok,ok,ok,ok,71,0,0,0,0,0,0,0,0,0,10:00-10:30
2025-04-01,Afternoon,Alex,1,100005078.00.06,4000118,734,750,open,ok,ok,ok,nok,ok,ok,732,1,0,1,0,0,0,0,2,"0,27",18:00-18:30
2025-04-01,Afternoon,Alex,1,100005081.00.05,4000118,734,750,open,na,ok,ok,nok,nok,ok,725,5,2,2,0,0,0,0,9,"1,23",18:00-18:30
2025-04-01,Afternoon,Alex,1,100005058.00.05,4000118,734,750,open,na,ok,ok,nok,nok,ok,727,4,2,1,0,0,0,0,7,"0,95",18:00-18:30
2025-04-02,Morning,Alex,2,100005035.00.03,4000116,733,750,open,na,ok,ok,nok,nok,ok,727,4,1,0,1,0,0,0,6,"0,82",10:00-10:30
2025-04-02,Morning,Alex,2,100005039.00.04,4000116,733,750,open,na,ok,ok,nok,nok,ok,725,5,1,0,0,2,0,0,8,"1,09",10:00-10:30
2025-04-02,Afternoon,John,2,100005035.00.03,4000116,34,720,CLOSED,na,ok,ok,ok,ok,ok,34,0,0,0,0,0,0,0,0,0,18:00-18:30
2025-04-02,Afternoon,John,2,100005039.00.04,4000116,34,720,CLOSED,na,ok,ok,ok,ok,ok,34,0,0,0,0,0,0,0,0,0,18:00-18:30
2025-04-02,Afternoon,John,2,100005035.00.03,4000119,680,720,open,na,ok,ok,nok,nok,ok,673,4,2,0,0,1,0,0,7,"1,03",18:00-18:30
2025-04-02,Afternoon,John,2,100005039.00.04,4000119,680,720,open,na,ok,ok,nok,nok,ok,673,4,2,0,0,1,0,0,7,"1,03",18:00-18:30
2025-04-03,Morning,Alex,3,100005049.00.03,4000117,592,720,CLOSED,na,ok,ok,nok,nok,ok,586,3,1,2,0,0,0,0,6,"1,01",10:00-10:30
2025-04-03,Morning,Alex,3,100005051.00.04,4000117,592,720,CLOSED,na,ok,ok,nok,nok,ok,588,3,1,0,0,0,0,0,4,"0,68",10:00-10:30
2025-04-03,Morning,Alex,3,100005049.00.03,4000120,137,720,open,na,ok,ok,nok,ok,ok,136,1,0,0,0,0,0,0,1,"0,73",10:00-10:30
2025-04-03,Morning,Alex,3,100005051.00.04,4000120,137,720,open,na,ok,ok,ok,ok,ok,137,0,0,0,0,0,0,0,0,0,10:00-10:30
2025-04-03,Afternoon,John,3,100005049.00.03,4000120,700,750,open,na,ok,ok,nok,nok,ok,695,3,1,1,0,0,0,0,5,"0,71",18:00-18:30
2025-04-03,Afternoon,John,3,100005051.00.04,4000120,700,750,open,na,ok,ok,nok,nok,ok,692,4,2,0,2,0,0,0,8,"1,14",18:00-18:30
2025-04-04,Morning,Alex,1,100005078.00.06,4000118,395,720,CLOSED,ok,ok,ok,nok,nok,ok,391,2,1,1,0,0,0,0,4,"1,01",10:00-10:30
2025-04-04,Morning,Alex,1,100005081.00.05,4000118,395,720,CLOSED,na,ok,ok,nok,ok,ok,394,1,0,0,0,0,0,0,1,"0,25",10:00-10:30
2025-04-04,Morning,Alex,1,100005058.00.05,4000118,395,720,CLOSED,na,ok,ok,nok,nok,ok,389,3,1,2,0,0,0,0,6,"1,52",10:00-10:30
2025-04-04,Morning,Alex,1,100005078.00.06,4000121,363,720,open,ok,ok,ok,nok,nok,ok,360,2,1,0,0,0,0,0,3,"0,83",10:00-10:30
2025-04-04,Morning,Alex,1,100005081.00.05,4000121,363,720,open,na,ok,ok,nok,nok,ok,356,4,1,2,0,0,0,0,7,"1,93",10:00-10:30
2025-04-04,Morning,Alex,1,100005058.00.05,4000121,363,720,open,na,ok,ok,nok,nok,ok,358,3,1,0,0,1,0,0,5,"1,38",10:00-10:30
2025-04-04,Afternoon,John,1,100005078.00.06,4000121,740,750,open,ok,ok,ok,nok,nok,ok,726,8,4,0,0,2,0,0,14,"1,89",18:00-18:30
2025-04-04,Afternoon,John,1,100005081.00.05,4000121,740,750,open,na,ok,ok,nok,nok,ok,728,6,3,3,0,0,0,0,12,"1,62",18:00-18:30
2025-04-04,Afternoon,John,1,100005058.00.05,4000121,740,750,open,na,ok,ok,nok,nok,ok,732,5,2,1,0,0,0,0,8,"1,08",18:00-18:30
2025-04-07,Morning,Alex,1,100005078.00.06,4000121,97,720,CLOSED,ok,ok,ok,nok,ok,ok,96,1,0,0,0,0,0,0,1,"1,03",10:00-10:30
2025-04-07,Morning,Alex,1,100005081.00.05,4000121,97,720,CLOSED,na,ok,ok,ok,ok,ok,97,0,0,0,0,0,0,0,0,0,10:00-10:30
2025-04-07,Morning,Alex,1,100005058.00.05,4000121,97,720,CLOSED,na,ok,ok,ok,nok,ok,96,0,1,0,0,0,0,0,1,"1,03",10:00-10:30
2025-04-07,Morning,Alex,1,100005078.00.06,4000124,663,720,open,ok,ok,ok,nok,nok,ok,657,3,1,2,0,0,0,0,6,"0,9",10:00-10:30
2025-04-07,Morning,Alex,1,100005081.00.05,4000124,663,720,open,na,ok,ok,nok,nok,ok,656,4,2,0,0,1,0,0,7,"1,06",10:00-10:30
2025-04-07,Morning,Alex,1,100005058.00.05,4000124,663,720,open,na,ok,ok,nok,nok,ok,655,4,2,2,0,0,0,0,8,"1,21",10:00-10:30
2025-04-07,Afternoon,John,1,100005078.00.06,4000124,537,720,CLOSED,ok,ok,ok,nok,nok,ok,532,3,1,0,1,0,0,0,5,"0,93",18:00-18:30
2025-04-07,Afternoon,John,1,100005081.00.05,4000124,537,720,CLOSED,na,ok,ok,nok,nok,ok,533,2,1,0,0,1,0,0,4,"0,74",18:00-18:30
2025-04-07,Afternoon,John,1,100005058.00.05,4000124,537,720,CLOSED,na,ok,ok,nok,nok,ok,532,3,1,1,0,0,0,0,5,"0,93",18:00-18:30
2025-04-07,Afternoon,John,1,100005078.00.06,4000125,218,720,open,ok,ok,ok,nok,nok,ok,212,4,1,0,0,1,0,0,6,"2,75",18:00-18:30
2025-04-07,Afternoon,John,1,100005081.00.05,4000125,218,720,open,na,ok,ok,nok,nok,ok,210,5,1,0,2,0,0,0,8,"3,67",18:00-18:30
2025-04-07,Afternoon,John,1,100005058.00.05,4000125,218,720,open,na,ok,ok,nok,ok,ok,216,1,0,1,0,0,0,0,2,"0,92",18:00-18:30
2025-04-08,Morning,Alex,2,100005035.00.03,4000122,258,720,CLOSED,na,ok,ok,nok,nok,ok,251,3,2,2,0,0,0,0,7,"2,71",10:00-10:30
2025-04-08,Morning,Alex,2,100005039.00.04,4000122,258,720,CLOSED,na,ok,ok,nok,ok,ok,257,1,0,0,0,0,0,0,1,"0,39",10:00-10:30
2025-04-08,Morning,Alex,2,100005035.00.03,4000126,467,720,open,na,ok,ok,nok,nok,ok,462,3,1,1,0,0,0,0,5,"1,07",10:00-10:30
2025-04-08,Morning,Alex,2,100005039.00.04,4000126,467,720,open,na,ok,ok,nok,nok,ok,463,2,1,1,0,0,0,0,4,"0,86",10:00-10:30
2025-04-08,Afternoon,John,2,100005035.00.03,4000126,733,720,CLOSED,na,ok,ok,nok,nok,ok,719,7,3,0,4,0,0,0,14,"1,91",18:00-18:30
2025-04-08,Afternoon,John,2,100005039.00.04,4000126,733,720,CLOSED,na,ok,ok,nok,nok,ok,721,8,2,0,0,2,0,0,12,"1,64",18:00-18:30
2025-04-08,Afternoon,John,2,100005035.00.03,4000127,21,720,open,na,ok,ok,ok,ok,ok,21,0,0,0,0,0,0,0,0,0,18:00-18:30
2025-04-08,Afternoon,John,2,100005039.00.04,4000127,21,720,open,na,ok,ok,ok,ok,ok,21,0,0,0,0,0,0,0,0,0,18:00-18:30
2025-04-09,Morning,John,3,100005049.00.03,4000123,65,720,CLOSED,na,ok,ok,ok,ok,ok,65,0,0,0,0,0,0,0,0,0,10:00-10:30
2025-04-09,Morning,John,3,100005051.00.04,4000123,65,720,CLOSED,na,ok,ok,ok,ok,ok,65,0,0,0,0,0,0,0,0,0,10:00-10:30
2025-04-09,Morning,John,3,100005049.00.03,4000128,684,720,open,na,ok,ok,nok,nok,ok,677,3,2,0,2,0,0,0,7,"1,02",10:00-10:30
2025-04-09,Morning,John,3,100005051.00.04,4000128,684,720,open,na,ok,ok,nok,nok,ok,674,5,2,0,0,3,0,0,10,"1,46",10:00-10:30
2025-04-09,Afternoon,Alex,3,100005049.00.03,4000128,516,720,CLOSED,na,ok,ok,nok,nok,ok,513,2,1,0,0,0,0,0,3,"0,58",18:00-18:30
2025-04-09,Afternoon,Alex,3,100005051.00.04,4000128,516,720,CLOSED,na,ok,ok,nok,nok,ok,506,5,3,0,0,2,0,0,10,"1,94",18:00-18:30
2025-04-09,Afternoon,Alex,3,100005049.00.03,4000129,185,720,open,na,ok,ok,nok,ok,ok,183,1,0,0,1,0,0,0,2,"1,08",18:00-18:30
2025-04-09,Afternoon,Alex,3,100005051.00.04,4000129,185,720,open,na,ok,ok,nok,ok,ok,184,1,0,0,0,0,0,0,1,"0,54",18:00-18:30
2025-04-10,Morning,John,1,100005078.00.06,4000125,764,750,open,ok,ok,ok,nok,nok,ok,757,4,2,0,1,0,0,0,7,"0,92",10:00-10:30
2025-04-10,Morning,John,1,100005081.00.05,4000125,764,750,open,na,ok,ok,nok,nok,ok,755,5,2,0,2,0,0,0,9,"1,18",10:00-10:30
2025-04-10,Morning,John,1,100005058.00.05,4000125,764,750,open,na,ok,ok,nok,nok,ok,754,5,2,3,0,0,0,0,10,"1,31",10:00-10:30
2025-04-10,Afternoon,Alex,1,100005078.00.06,4000125,218,720,CLOSED,ok,ok,ok,nok,nok,ok,216,1,1,0,0,0,0,0,2,"0,92",18:00-18:30
2025-04-10,Afternoon,Alex,1,100005081.00.05,4000125,218,720,CLOSED,na,ok,ok,nok,nok,ok,214,3,1,0,0,0,0,0,4,"1,83",18:00-18:30
2025-04-10,Afternoon,Alex,1,100005058.00.05,4000125,218,720,CLOSED,na,ok,ok,nok,ok,ok,216,1,0,1,0,0,0,0,2,"0,92",18:00-18:30
2025-04-10,Afternoon,Alex,1,100005078.00.06,4000130,544,720,open,ok,ok,ok,nok,nok,ok,540,2,1,0,0,1,0,0,4,"0,74",18:00-18:30
2025-04-10,Afternoon,Alex,1,100005081.00.05,4000130,544,720,open,na,ok,ok,nok,nok,ok,537,4,1,0,0,2,0,0,7,"1,29",18:00-18:30
2025-04-10,Afternoon,Alex,1,100005058.00.05,4000130,544,720,open,na,ok,ok,nok,nok,ok,539,3,1,1,0,0,0,0,5,"0,92",18:00-18:30
2025-04-11,Morning,John,2,100005035.00.03,4000127,700,750,open,na,ok,ok,nok,nok,ok,693,4,2,0,0,1,0,0,7,1,10:00-10:30
2025-04-11,Morning,John,2,100005039.00.04,4000127,700,750,open,na,ok,ok,nok,nok,ok,694,4,1,0,0,1,0,0,6,"0,86",10:00-10:30
2025-04-11,Afternoon,Alex,2,100005035.00.03,4000127,479,720,CLOSED,na,ok,ok,nok,nok,ok,470,5,2,0,2,0,0,0,9,"1,88",18:00-18:30
2025-04-11,Afternoon,Alex,2,100005039.00.04,4000127,479,720,CLOSED,na,ok,ok,nok,nok,ok,472,4,2,0,0,1,0,0,7,"1,46",18:00-18:30
2025-04-11,Afternoon,Alex,2,100005035.00.03,4000131,232,720,open,na,ok,ok,nok,ok,ok,231,1,0,0,0,0,0,0,1,"0,43",18:00-18:30
2025-04-11,Afternoon,Alex,2,100005039.00.04,4000131,232,720,open,na,ok,ok,nok,ok,ok,229,2,0,0,1,0,0,0,3,"1,29",18:00-18:30
2025-04-14,Morning,John,2,100005035.00.03,4000131,707,750,open,na,ok,ok,nok,ok,ok,704,2,0,0,1,0,0,0,3,"0,42",10:00-10:30
2025-04-14,Morning,John,2,100005039.00.04,4000131,707,750,open,na,ok,ok,nok,nok,ok,700,4,2,0,0,1,0,0,7,"0,99",10:00-10:30
2025-04-14,Afternoon,Alex,2,100005035.00.03,4000131,261,720,CLOSED,na,ok,ok,nok,nok,ok,259,1,1,0,0,0,0,0,2,"0,77",18:00-18:30
2025-04-14,Afternoon,Alex,2,100005039.00.04,4000131,261,720,CLOSED,na,ok,ok,nok,nok,ok,258,1,1,1,0,0,0,0,3,"1,15",18:00-18:30
2025-04-14,Afternoon,Alex,2,100005035.00.03,4000134,445,720,open,na,ok,ok,nok,nok,ok,442,2,1,0,0,0,0,0,3,"0,67",18:00-18:30
2025-04-14,Afternoon,Alex,2,100005039.00.04,4000134,445,720,open,na,ok,ok,nok,nok,ok,442,1,1,0,0,1,0,0,3,"0,67",18:00-18:30
2025-04-15,Morning,John,3,100005049.00.03,4000132,746,750,open,na,ok,ok,nok,nok,ok,736,6,2,2,0,0,0,0,10,"1,34",10:00-10:30
2025-04-15,Morning,John,3,100005051.00.04,4000132,746,750,open,na,ok,ok,nok,nok,ok,739,3,2,2,0,0,0,0,7,"0,94",10:00-10:30
2025-04-15,Afternoon,Alex,3,100005049.00.03,4000132,24,720,CLOSED,na,ok,ok,ok,ok,ok,24,0,0,0,0,0,0,0,0,0,18:00-18:30
2025-04-15,Afternoon,Alex,3,100005051.00.04,4000132,24,720,CLOSED,na,ok,ok,ok,ok,ok,24,0,0,0,0,0,0,0,0,0,18:00-18:30
2025-04-15,Afternoon,Alex,3,100005049.00.03,4000135,716,720,open,na,ok,ok,nok,nok,ok,708,4,2,2,0,0,0,0,8,"1,12",18:00-18:30
2025-04-15,Afternoon,Alex,3,100005051.00.04,4000135,716,720,open,na,ok,ok,nok,nok,ok,706,5,2,3,0,0,0,0,10,"1,4",18:00-18:30
2025-04-16,Morning,Alex,1,100005078.00.06,4000133,373,720,CLOSED,ok,ok,ok,nok,nok,ok,367,3,2,0,1,0,0,0,6,"1,61",10:00-10:30
2025-04-16,Morning,Alex,1,100005081.00.05,4000133,373,720,CLOSED,na,ok,ok,ok,ok,ok,373,0,0,0,0,0,0,0,0,0,10:00-10:30
2025-04-16,Morning,Alex,1,100005058.00.05,4000133,373,720,CLOSED,na,ok,ok,nok,ok,ok,370,2,0,0,1,0,0,0,3,"0,8",10:00-10:30
2025-04-16,Morning,Alex,1,100005078.00.06,4000136,390,720,open,ok,ok,ok,nok,nok,ok,382,5,1,2,0,0,0,0,8,"2,05",10:00-10:30
2025-04-16,Morning,Alex,1,100005081.00.05,4000136,390,720,open,na,ok,ok,nok,nok,ok,382,4,1,0,3,0,0,0,8,"2,05",10:00-10:30
2025-04-16,Morning,Alex,1,100005058.00.05,4000136,390,720,open,na,ok,ok,nok,nok,ok,386,2,1,0,0,1,0,0,4,"1,03",10:00-10:30
2025-04-16,Afternoon,John,1,100005078.00.06,4000136,765,750,open,ok,ok,ok,nok,nok,ok,758,3,2,0,2,0,0,0,7,"0,92",18:00-18:30
2025-04-16,Afternoon,John,1,100005081.00.05,4000136,765,750,open,na,ok,ok,nok,ok,ok,762,2,0,0,1,0,0,0,3,"0,39",18:00-18:30
2025-04-16,Afternoon,John,1,100005058.00.05,4000136,765,750,open,na,ok,ok,nok,nok,ok,761,2,1,1,0,0,0,0,4,"0,52",18:00-18:30
2025-04-17,Morning,Alex,2,100005035.00.03,4000134,736,750,open,na,ok,ok,nok,nok,ok,729,4,1,0,2,0,0,0,7,"0,95",10:00-10:30
2025-04-17,Morning,Alex,2,100005039.00.04,4000134,736,750,open,na,ok,ok,nok,nok,ok,727,6,1,0,0,2,0,0,9,"1,22",10:00-10:30
2025-04-17,Afternoon,John,2,100005035.00.03,4000134,19,720,CLOSED,na,ok,ok,ok,ok,ok,19,0,0,0,0,0,0,0,0,0,18:00-18:30
2025-04-17,Afternoon,John,2,100005039.00.04,4000134,19,720,CLOSED,na,ok,ok,nok,nok,ok,17,1,1,0,0,0,0,0,2,"10,53",18:00-18:30
2025-04-17,Afternoon,John,2,100005035.00.03,4000137,695,720,open,na,ok,ok,nok,nok,ok,691,2,1,1,0,0,0,0,4,"0,58",18:00-18:30
2025-04-17,Afternoon,John,2,100005039.00.04,4000137,695,720,open,na,ok,ok,nok,nok,ok,689,4,1,0,0,1,0,0,6,"0,86",18:00-18:30
2025-04-18,Morning,Alex,3,100005049.00.03,4000135,484,720,CLOSED,na,ok,ok,nok,nok,ok,479,3,1,1,0,0,0,0,5,"1,03",10:00-10:30
2025-04-18,Morning,Alex,3,100005051.00.04,4000135,484,720,CLOSED,na,ok,ok,nok,nok,ok,480,2,1,1,0,0,0,0,4,"0,83",10:00-10:30
2025-04-18,Morning,Alex,3,100005049.00.03,4000138,261,720,open,na,ok,ok,nok,ok,ok,259,1,0,0,1,0,0,0,2,"0,77",10:00-10:30
2025-04-18,Morning,Alex,3,100005051.00.04,4000138,261,720,open,na,ok,ok,nok,nok,ok,257,2,1,0,1,0,0,0,4,"1,53",10:00-10:30
2025-04-18,Afternoon,John,3,100005049.00.03,4000138,741,750,open,na,ok,ok,nok,nok,ok,730,5,4,0,0,2,0,0,11,"1,48",18:00-18:30
2025-04-18,Afternoon,John,3,100005051.00.04,4000138,741,750,open,na,ok,ok,nok,nok,ok,734,4,2,0,1,0,0,0,7,"0,94",18:00-18:30
2025-04-21,Morning,Alex,3,100005049.00.03,4000138,198,720,CLOSED,na,ok,ok,nok,ok,ok,196,1,0,1,0,0,0,0,2,"1,01",10:00-10:30
2025-04-21,Morning,Alex,3,100005051.00.04,4000138,198,720,CLOSED,na,ok,ok,ok,ok,ok,198,0,0,0,0,0,0,0,0,0,10:00-10:30
2025-04-21,Morning,Alex,3,100005049.00.03,4000142,525,720,open,na,ok,ok,nok,nok,ok,520,3,1,0,0,1,0,0,5,"0,95",10:00-10:30
2025-04-21,Morning,Alex,3,100005051.00.04,4000142,525,720,open,na,ok,ok,nok,nok,ok,521,2,1,1,0,0,0,0,4,"0,76",10:00-10:30
2025-04-21,Afternoon,John,3,100005049.00.03,4000142,675,720,CLOSED,na,ok,ok,nok,nok,ok,667,4,2,0,0,2,0,0,8,"1,19",18:00-18:30
2025-04-21,Afternoon,John,3,100005051.00.04,4000142,675,720,CLOSED,na,ok,ok,nok,nok,ok,668,4,2,0,1,0,0,0,7,"1,04",18:00-18:30
2025-04-21,Afternoon,John,3,100005049.00.03,4000143,72,720,open,na,ok,ok,ok,ok,ok,72,0,0,0,0,0,0,0,0,0,18:00-18:30
2025-04-21,Afternoon,John,3,100005051.00.04,4000143,72,720,open,na,ok,ok,ok,ok,ok,72,0,0,0,0,0,0,0,0,0,18:00-18:30
2025-04-22,Morning,Alex,1,100005078.00.06,4000140,731,750,open,ok,ok,ok,nok,nok,ok,725,4,1,0,1,0,0,0,6,"0,82",10:00-10:30
2025-04-22,Morning,Alex,1,100005081.00.05,4000140,731,750,open,na,ok,ok,nok,nok,ok,723,5,1,2,0,0,0,0,8,"1,09",10:00-10:30
2025-04-22,Morning,Alex,1,100005058.00.05,4000140,731,750,open,na,ok,ok,nok,nok,ok,720,7,2,0,2,0,0,0,11,"1,5",10:00-10:30
2025-04-22,Afternoon,John,1,100005078.00.06,4000140,206,720,CLOSED,ok,ok,ok,nok,ok,ok,205,1,0,0,0,0,0,0,1,"0,49",18:00-18:30
2025-04-22,Afternoon,John,1,100005081.00.05,4000140,206,720,CLOSED,na,ok,ok,nok,nok,ok,204,1,1,0,0,0,0,0,2,"0,97",18:00-18:30
2025-04-22,Afternoon,John,1,100005058.00.05,4000140,206,720,CLOSED,na,ok,ok,nok,nok,ok,204,1,1,0,0,0,0,0,2,"0,97",18:00-18:30
2025-04-22,Afternoon,John,1,100005078.00.06,4000144,561,720,open,ok,ok,ok,nok,ok,ok,560,1,0,0,0,0,0,0,1,"0,18",18:00-18:30
2025-04-22,Afternoon,John,1,100005081.00.05,4000144,561,720,open,na,ok,ok,nok,nok,ok,557,2,1,1,0,0,0,0,4,"0,71",18:00-18:30
2025-04-22,Afternoon,John,1,100005058.00.05,4000144,561,720,open,na,ok,ok,nok,nok,ok,556,3,1,1,0,0,0,0,5,"0,89",18:00-18:30
2025-04-23,Morning,John,2,100005035.00.03,4000141,262,720,CLOSED,na,ok,ok,nok,nok,ok,258,2,1,1,0,0,0,0,4,"1,53",10:00-10:30
2025-04-23,Morning,John,2,100005039.00.04,4000141,262,720,CLOSED,na,ok,ok,nok,ok,ok,260,1,0,0,0,1,0,0,2,"0,76",10:00-10:30
2025-04-23,Morning,John,2,100005035.00.03,4000145,455,720,open,na,ok,ok,nok,nok,ok,452,1,1,0,0,1,0,0,3,"0,66",10:00-10:30
2025-04-23,Morning,John,2,100005039.00.04,4000145,455,720,open,na,ok,ok,nok,nok,ok,444,7,2,2,0,0,0,0,11,"2,42",10:00-10:30
2025-04-23,Afternoon,Alex,2,100005035.00.03,4000145,745,720,CLOSED,na,ok,ok,nok,nok,ok,738,4,2,0,1,0,0,0,7,"0,94",18:00-18:30
2025-04-23,Afternoon,Alex,2,100005039.00.04,4000145,745,720,CLOSED,na,ok,ok,nok,nok,ok,735,6,1,0,3,0,0,0,10,"1,34",18:00-18:30
2025-04-23,Afternoon,Alex,2,100005035.00.03,4000146,14,720,open,na,ok,ok,ok,ok,ok,14,0,0,0,0,0,0,0,0,0,18:00-18:30
2025-04-23,Afternoon,Alex,2,100005039.00.04,4000146,14,720,open,na,ok,ok,nok,ok,ok,13,1,0,0,0,0,0,0,1,"7,14",18:00-18:30
2025-04-24,Morning,John,3,100005049.00.03,4000143,732,750,open,na,ok,ok,ok,ok,ok,731,0,0,0,1,0,0,0,1,"0,14",10:00-10:30
2025-04-24,Morning,John,3,100005051.00.04,4000143,732,750,open,na,ok,ok,nok,nok,ok,725,3,2,0,2,0,0,0,7,"0,96",10:00-10:30
2025-04-24,Afternoon,Alex,3,100005049.00.03,4000143,396,720,CLOSED,na,ok,ok,ok,nok,ok,395,0,1,0,0,0,0,0,1,"0,25",18:00-18:30
2025-04-24,Afternoon,Alex,3,100005051.00.04,4000143,396,720,CLOSED,na,ok,ok,nok,nok,ok,393,1,1,1,0,0,0,0,3,"0,76",18:00-18:30
2025-04-24,Afternoon,Alex,3,100005049.00.03,4000147,364,720,open,na,ok,ok,nok,nok,ok,358,3,2,1,0,0,0,0,6,"1,65",18:00-18:30
2025-04-24,Afternoon,Alex,3,100005051.00.04,4000147,364,720,open,na,ok,ok,nok,ok,ok,361,2,0,0,0,1,0,0,3,"0,82",18:00-18:30
2025-04-25,Morning,John,1,100005078.00.06,4000144,639,720,CLOSED,ok,ok,ok,nok,nok,ok,628,5,3,0,0,3,0,0,11,"1,72",10:00-10:30
2025-04-25,Morning,John,1,100005081.00.05,4000144,639,720,CLOSED,na,ok,ok,nok,nok,ok,631,5,1,0,2,0,0,0,8,"1,25",10:00-10:30
2025-04-25,Morning,John,1,100005058.00.05,4000144,639,720,CLOSED,na,ok,ok,nok,nok,ok,633,3,1,0,2,0,0,0,6,"0,94",10:00-10:30
2025-04-25,Morning,John,1,100005078.00.06,4000148,121,720,open,ok,ok,ok,nok,ok,ok,120,1,0,0,0,0,0,0,1,"0,83",10:00-10:30
2025-04-25,Morning,John,1,100005081.00.05,4000148,121,720,open,na,ok,ok,nok,ok,ok,120,1,0,0,0,0,0,0,1,"0,83",10:00-10:30
2025-04-25,Morning,John,1,100005058.00.05,4000148,121,720,open,na,ok,ok,ok,ok,ok,121,0,0,0,0,0,0,0,0,0,10:00-10:30
2025-04-25,Afternoon,Alex,1,100005078.00.06,4000148,770,750,open,ok,ok,ok,nok,ok,ok,767,2,0,0,0,1,0,0,3,"0,39",18:00-18:30
2025-04-25,Afternoon,Alex,1,100005081.00.05,4000148,770,750,open,na,ok,ok,nok,nok,ok,763,4,2,0,0,1,0,0,7,"0,91",18:00-18:30
2025-04-25,Afternoon,Alex,1,100005058.00.05,4000148,770,750,open,na,ok,ok,nok,nok,ok,762,5,2,0,0,1,0,0,8,"1,04",18:00-18:30
2025-04-28,Morning,John,1,100005078.00.06,4000148,309,720,CLOSED,ok,ok,ok,nok,nok,ok,304,3,1,0,1,0,0,0,5,"1,62",10:00-10:30
2025-04-28,Morning,John,1,100005081.00.05,4000148,309,720,CLOSED,na,ok,ok,nok,nok,ok,306,2,1,0,0,0,0,0,3,"0,97",10:00-10:30
2025-04-28,Morning,John,1,100005058.00.05,4000148,309,720,CLOSED,na,ok,ok,nok,nok,ok,304,2,1,0,2,0,0,0,5,"1,62",10:00-10:30
2025-04-28,Morning,John,1,100005078.00.06,4000151,436,720,open,ok,ok,ok,ok,ok,ok,436,0,0,0,0,0,0,0,0,0,10:00-10:30
2025-04-28,Morning,John,1,100005081.00.05,4000151,436,720,open,na,ok,ok,nok,nok,ok,432,2,1,1,0,0,0,0,4,"0,92",10:00-10:30
2025-04-28,Morning,John,1,100005058.00.05,4000151,436,720,open,na,ok,ok,nok,nok,ok,431,3,1,0,0,1,0,0,5,"1,15",10:00-10:30
2025-04-28,Afternoon,Alex,1,100005078.00.06,4000151,741,750,open,ok,ok,ok,nok,nok,ok,732,5,2,0,0,2,0,0,9,"1,21",18:00-18:30
2025-04-28,Afternoon,Alex,1,100005081.00.05,4000151,741,750,open,na,ok,ok,nok,nok,ok,738,1,1,0,0,1,0,0,3,"0,4",18:00-18:30
2025-04-28,Afternoon,Alex,1,100005058.00.05,4000151,741,750,open,na,ok,ok,nok,nok,ok,732,4,3,2,0,0,0,0,9,"1,21",18:00-18:30
2025-04-29,Morning,John,2,100005035.00.03,4000149,727,750,open,na,ok,ok,nok,nok,ok,720,4,1,0,2,0,0,0,7,"0,96",10:00-10:30
2025-04-29,Morning,John,2,100005039.00.04,4000149,727,750,open,na,ok,ok,nok,nok,ok,718,5,2,0,2,0,0,0,9,"1,24",10:00-10:30
2025-04-29,Afternoon,Alex,2,100005035.00.03,4000149,207,720,CLOSED,na,ok,ok,nok,ok,ok,205,1,0,1,0,0,0,0,2,"0,97",18:00-18:30
2025-04-29,Afternoon,Alex,2,100005039.00.04,4000149,207,720,CLOSED,na,ok,ok,nok,nok,ok,204,1,1,1,0,0,0,0,3,"1,45",18:00-18:30
2025-04-29,Afternoon,Alex,2,100005035.00.03,4000152,513,720,open,na,ok,ok,nok,nok,ok,504,5,2,2,0,0,0,0,9,"1,75",18:00-18:30
2025-04-29,Afternoon,Alex,2,100005039.00.04,4000152,513,720,open,na,ok,ok,nok,nok,ok,507,4,1,0,0,1,0,0,6,"1,17",18:00-18:30
2025-04-30,Morning,Alex,3,100005049.00.03,4000150,574,720,CLOSED,na,ok,ok,nok,ok,ok,570,3,0,0,0,1,0,0,4,"0,7",10:00-10:30
2025-04-30,Morning,Alex,3,100005051.00.04,4000150,574,720,CLOSED,na,ok,ok,nok,nok,ok,567,4,2,1,0,0,0,0,7,"1,22",10:00-10:30
2025-04-30,Morning,Alex,3,100005049.00.03,4000153,179,720,open,na,ok,ok,ok,ok,ok,179,0,0,0,0,0,0,0,0,0,10:00-10:30
2025-04-30,Morning,Alex,3,100005051.00.04,4000153,179,720,open,na,ok,ok,nok,nok,ok,174,2,1,0,2,0,0,0,5,"2,79",10:00-10:30
2025-04-30,Afternoon,John,3,100005049.00.03,4000153,728,750,open,na,ok,ok,nok,nok,ok,723,3,1,1,0,0,0,0,5,"0,69",18:00-18:30
2025-04-30,Afternoon,John,3,100005051.00.04,4000153,728,750,open,na,ok,ok,nok,nok,ok,723,3,1,1,0,0,0,0,5,"0,69",18:00-18:30
2025-05-01,Morning,Alex,1,100005078.00.06,4000151,23,720,CLOSED,ok,ok,ok,ok,ok,ok,23,0,0,0,0,0,0,0,0,0,10:00-10:30
2025-05-01,Morning,Alex,1,100005081.00.05,4000151,23,720,CLOSED,na,ok,ok,ok,ok,ok,23,0,0,0,0,0,0,0,0,0,10:00-10:30
2025-05-01,Morning,Alex,1,100005058.00.05,4000151,23,720,CLOSED,na,ok,ok,nok,ok,ok,22,1,0,0,0,0,0,0,1,"4,35",10:00-10:30
2025-05-01,Morning,Alex,1,100005078.00.06,4000154,727,720,open,ok,ok,ok,nok,nok,ok,719,4,1,0,0,3,0,0,8,"1,1",10:00-10:30
2025-05-01,Morning,Alex,1,100005081.00.05,4000154,727,720,open,na,ok,ok,nok,nok,ok,721,4,1,0,1,0,0,0,6,"0,83",10:00-10:30
2025-05-01,Morning,Alex,1,100005058.00.05,4000154,727,720,open,na,ok,ok,nok,nok,ok,719,5,2,1,0,0,0,0,8,"1,1",10:00-10:30
2025-05-01,Afternoon,John,1,100005078.00.06,4000154,473,720,CLOSED,ok,ok,ok,nok,ok,ok,471,1,0,0,1,0,0,0,2,"0,42",18:00-18:30
2025-05-01,Afternoon,John,1,100005081.00.05,4000154,473,720,CLOSED,na,ok,ok,nok,nok,ok,470,1,1,0,0,1,0,0,3,"0,63",18:00-18:30
2025-05-01,Afternoon,John,1,100005058.00.05,4000154,473,720,CLOSED,na,ok,ok,nok,nok,ok,471,1,1,0,0,0,0,0,2,"0,42",18:00-18:30
2025-05-01,Afternoon,John,1,100005078.00.06,4000156,275,720,open,ok,ok,ok,nok,ok,ok,273,1,0,0,1,0,0,0,2,"0,73",18:00-18:30
2025-05-01,Afternoon,John,1,100005081.00.05,4000156,275,720,open,na,ok,ok,nok,ok,ok,273,1,0,0,1,0,0,0,2,"0,73",18:00-18:30
2025-05-01,Afternoon,John,1,100005058.00.05,4000156,275,720,open,na,ok,ok,nok,nok,ok,270,3,1,0,0,1,0,0,5,"1,82",18:00-18:30
2025-05-02,Morning,Alex,2,100005035.00.03,4000152,687,720,CLOSED,na,ok,ok,nok,nok,ok,678,6,1,0,2,0,0,0,9,"1,31",10:00-10:30
2025-05-02,Morning,Alex,2,100005039.00.04,4000152,687,720,CLOSED,na,ok,ok,nok,ok,ok,686,1,0,0,0,0,0,0,1,"0,15",10:00-10:30
2025-05-02,Morning,Alex,2,100005035.00.03,4000157,46,720,open,na,ok,ok,ok,nok,ok,45,0,1,0,0,0,0,0,1,"2,17",10:00-10:30
2025-05-02,Morning,Alex,2,100005039.00.04,4000157,46,720,open,na,ok,ok,ok,ok,ok,46,0,0,0,0,0,0,0,0,0,10:00-10:30
2025-05-02,Afternoon,John,2,100005035.00.03,4000157,758,750,open,na,ok,ok,nok,nok,ok,755,2,1,0,0,0,0,0,3,"0,4",18:00-18:30
2025-05-02,Afternoon,John,2,100005039.00.04,4000157,758,750,open,na,ok,ok,nok,nok,ok,748,5,3,0,2,0,0,0,10,"1,32",18:00-18:30
2025-05-05,Morning,Alex,2,100005035.00.03,4000157,396,720,CLOSED,na,ok,ok,nok,ok,ok,394,1,0,0,1,0,0,0,2,"0,51",10:00-10:30
2025-05-05,Morning,Alex,2,100005039.00.04,4000157,396,720,CLOSED,na,ok,ok,nok,nok,ok,389,4,2,0,0,1,0,0,7,"1,77",10:00-10:30
2025-05-05,Morning,Alex,2,100005035.00.03,4000160,344,720,open,na,ok,ok,ok,ok,ok,344,0,0,0,0,0,0,0,0,0,10:00-10:30
2025-05-05,Morning,Alex,2,100005039.00.04,4000160,344,720,open,na,ok,ok,nok,nok,ok,340,3,1,0,0,0,0,0,4,"1,16",10:00-10:30
2025-05-05,Afternoon,John,2,100005035.00.03,4000160,722,750,open,na,ok,ok,nok,nok,ok,711,7,2,2,0,0,0,0,11,"1,52",18:00-18:30
2025-05-05,Afternoon,John,2,100005039.00.04,4000160,722,750,open,na,ok,ok,nok,nok,ok,711,5,2,0,0,4,0,0,11,"1,52",18:00-18:30
2025-05-06,Morning,Alex,3,100005049.00.03,4000161,708,750,open,na,ok,ok,nok,nok,ok,699,5,2,0,2,0,0,0,9,"1,27",10:00-10:30
2025-05-06,Morning,Alex,3,100005051.00.04,4000161,708,750,open,na,ok,ok,nok,nok,ok,702,3,1,0,2,0,0,0,6,"0,85",10:00-10:30
2025-05-06,Afternoon,John,3,100005049.00.03,4000161,492,720,CLOSED,na,ok,ok,nok,nok,ok,485,4,1,0,2,0,0,0,7,"1,42",18:00-18:30
2025-05-06,Afternoon,John,3,100005051.00.04,4000161,492,720,CLOSED,na,ok,ok,nok,nok,ok,485,4,2,1,0,0,0,0,7,"1,42",18:00-18:30
2025-05-06,Afternoon,John,3,100005049.00.03,4000163,246,720,open,na,ok,ok,nok,ok,ok,245,1,0,0,0,0,0,0,1,"0,41",18:00-18:30
2025-05-06,Afternoon,John,3,100005051.00.04,4000163,246,720,open,na,ok,ok,nok,nok,ok,241,3,1,0,0,1,0,0,5,"2,03",18:00-18:30
2025-05-07,Morning,John,1,100005078.00.06,4000159,614,720,CLOSED,ok,ok,ok,nok,ok,ok,611,2,0,1,0,0,0,0,3,"0,49",10:00-10:30
2025-05-07,Morning,John,1,100005081.00.05,4000159,614,720,CLOSED,na,ok,ok,nok,nok,ok,602,6,4,0,0,2,0,0,12,"1,95",10:00-10:30
2025-05-07,Morning,John,1,100005058.00.05,4000159,614,720,CLOSED,na,ok,ok,nok,nok,ok,609,3,1,1,0,0,0,0,5,"0,81",10:00-10:30
2025-05-07,Morning,John,1,100005078.00.06,4000164,135,720,open,ok,ok,ok,nok,ok,ok,133,1,0,0,0,0,0,1,2,"1,48",10:00-10:30
2025-05-07,Morning,John,1,100005081.00.05,4000164,135,720,open,na,ok,ok,ok,nok,ok,134,0,1,0,0,0,0,0,1,"0,74",10:00-10:30
2025-05-07,Morning,John,1,100005058.00.05,4000164,135,720,open,na,ok,ok,nok,nok,ok,133,1,1,0,0,0,0,0,2,"1,48",10:00-10:30
2025-05-07,Afternoon,Alex,1,100005078.00.06,4000164,764,750,open,ok,ok,ok,nok,nok,ok,756,4,3,0,0,1,0,0,8,"1,05",18:00-18:30
2025-05-07,Afternoon,Alex,1,100005081.00.05,4000164,764,750,open,na,ok,ok,nok,nok,ok,754,5,2,0,3,0,0,0,10,"1,31",18:00-18:30
2025-05-07,Afternoon,Alex,1,100005058.00.05,4000164,764,750,open,na,ok,ok,nok,ok,ok,763,1,0,0,0,0,0,0,1,"0,13",18:00-18:30
2025-05-08,Morning,John,2,100005035.00.03,4000160,134,720,CLOSED,na,ok,ok,nok,ok,ok,133,1,0,0,0,0,0,0,1,"0,75",10:00-10:30
2025-05-08,Morning,John,2,100005039.00.04,4000160,134,720,CLOSED,na,ok,ok,nok,ok,ok,132,1,0,1,0,0,0,0,2,"1,49",10:00-10:30
2025-05-08,Morning,John,2,100005035.00.03,4000165,585,720,open,na,ok,ok,nok,nok,ok,579,3,2,0,0,1,0,0,6,"1,03",10:00-10:30
2025-05-08,Morning,John,2,100005039.00.04,4000165,585,720,open,na,ok,ok,nok,nok,ok,579,3,2,0,1,0,0,0,6,"1,03",10:00-10:30
2025-05-08,Afternoon,Alex,2,100005035.00.03,4000165,615,720,CLOSED,na,ok,ok,nok,nok,ok,609,3,2,0,0,1,0,0,6,"0,98",18:00-18:30
2025-05-08,Afternoon,Alex,2,100005039.00.04,4000165,615,720,CLOSED,na,ok,ok,nok,nok,ok,610,2,2,0,1,0,0,0,5,"0,81",18:00-18:30
2025-05-08,Afternoon,Alex,2,100005035.00.03,4000166,87,720,open,na,ok,ok,nok,ok,ok,86,1,0,0,0,0,0,0,1,"1,15",18:00-18:30
2025-05-08,Afternoon,Alex,2,100005039.00.04,4000166,87,720,open,na,ok,ok,nok,ok,ok,85,1,0,0,1,0,0,0,2,"2,3",18:00-18:30
2025-05-09,Morning,John,3,100005049.00.03,4000163,714,750,open,na,ok,ok,nok,nok,ok,706,5,2,0,0,1,0,0,8,"1,12",10:00-10:30
2025-05-09,Morning,John,3,100005051.00.04,4000163,714,750,open,na,ok,ok,nok,nok,ok,709,2,2,0,1,0,0,0,5,"0,7",10:00-10:30
2025-05-09,Afternoon,Alex,3,100005049.00.03,4000163,240,720,CLOSED,na,ok,ok,nok,ok,ok,239,1,0,0,0,0,0,0,1,"0,42",18:00-18:30
2025-05-09,Afternoon,Alex,3,100005051.00.04,4000163,240,720,CLOSED,na,ok,ok,nok,ok,ok,239,1,0,0,0,0,0,0,1,"0,42",18:00-18:30
2025-05-09,Afternoon,Alex,3,100005049.00.03,4000167,506,720,open,na,ok,ok,nok,nok,ok,501,3,1,1,0,0,0,0,5,"0,99",18:00-18:30
2025-05-09,Afternoon,Alex,3,100005051.00.04,4000167,506,720,open,na,ok,ok,nok,nok,ok,501,3,1,0,1,0,0,0,5,"0,99",18:00-18:30
2025-05-12,Morning,John,3,100005049.00.03,4000167,694,720,CLOSED,na,ok,ok,nok,nok,ok,691,1,1,0,1,0,0,0,3,"0,43",10:00-10:30
2025-05-12,Morning,John,3,100005051.00.04,4000167,694,720,CLOSED,na,ok,ok,nok,nok,ok,684,5,2,0,0,3,0,0,10,"1,44",10:00-10:30
2025-05-12,Morning,John,3,100005049.00.03,4000171,20,720,open,na,ok,ok,ok,ok,ok,20,0,0,0,0,0,0,0,0,0,10:00-10:30
2025-05-12,Morning,John,3,100005051.00.04,4000171,20,720,open,na,ok,ok,nok,ok,ok,19,1,0,0,0,0,0,0,1,5,10:00-10:30
2025-05-12,Afternoon,Alex,3,100005049.00.03,4000171,741,750,open,na,ok,ok,nok,nok,ok,734,5,1,0,1,0,0,0,7,"0,94",18:00-18:30
2025-05-12,Afternoon,Alex,3,100005051.00.04,4000171,741,750,open,na,ok,ok,nok,nok,ok,734,4,2,0,1,0,0,0,7,"0,94",18:00-18:30
2025-05-13,Morning,John,1,100005078.00.06,4000169,748,750,open,ok,ok,ok,nok,nok,ok,738,6,2,0,0,2,0,0,10,"1,34",10:00-10:30
2025-05-13,Morning,John,1,100005081.00.05,4000169,748,750,open,na,ok,ok,nok,nok,ok,741,4,2,0,1,0,0,0,7,"0,94",10:00-10:30
2025-05-13,Morning,John,1,100005058.00.05,4000169,748,750,open,na,ok,ok,nok,nok,ok,741,4,1,2,0,0,0,0,7,"0,94",10:00-10:30
2025-05-13,Afternoon,Alex,1,100005078.00.06,4000169,445,720,CLOSED,ok,ok,ok,nok,nok,ok,440,3,1,0,1,0,0,0,5,"1,12",18:00-18:30
2025-05-13,Afternoon,Alex,1,100005081.00.05,4000169,445,720,CLOSED,na,ok,ok,nok,nok,ok,437,4,1,0,0,3,0,0,8,"1,8",18:00-18:30
2025-05-13,Afternoon,Alex,1,100005058.00.05,4000169,445,720,CLOSED,na,ok,ok,nok,nok,ok,443,1,1,0,0,0,0,0,2,"0,45",18:00-18:30
2025-05-13,Afternoon,Alex,1,100005078.00.06,4000172,286,720,open,ok,ok,ok,nok,nok,ok,283,1,1,0,0,1,0,0,3,"1,05",18:00-18:30
2025-05-13,Afternoon,Alex,1,100005081.00.05,4000172,286,720,open,na,ok,ok,nok,ok,ok,283,2,0,1,0,0,0,0,3,"1,05",18:00-18:30
2025-05-13,Afternoon,Alex,1,100005058.00.05,4000172,286,720,open,na,ok,ok,nok,ok,ok,283,2,0,0,0,1,0,0,3,"1,05",18:00-18:30
2025-05-14,Morning,Alex,2,100005035.00.03,4000170,759,750,open,na,ok,ok,nok,nok,ok,753,4,1,0,1,0,0,0,6,"0,79",10:00-10:30
2025-05-14,Morning,Alex,2,100005039.00.04,4000170,759,750,open,na,ok,ok,nok,nok,ok,755,2,1,1,0,0,0,0,4,"0,53",10:00-10:30
2025-05-14,Afternoon,John,2,100005035.00.03,4000170,113,720,CLOSED,na,ok,ok,nok,ok,ok,112,1,0,0,0,0,0,0,1,"0,88",18:00-18:30
2025-05-14,Afternoon,John,2,100005039.00.04,4000170,113,720,CLOSED,na,ok,ok,nok,ok,ok,112,1,0,0,0,0,0,0,1,"0,88",18:00-18:30
2025-05-14,Afternoon,John,2,100005035.00.03,4000173,620,720,open,na,ok,ok,nok,nok,ok,613,4,2,0,0,1,0,0,7,"1,13",18:00-18:30
2025-05-14,Afternoon,John,2,100005039.00.04,4000173,620,720,open,na,ok,ok,nok,nok,ok,611,4,2,0,3,0,0,0,9,"1,45",18:00-18:30
2025-05-15,Morning,Alex,3,100005049.00.03,4000171,439,720,CLOSED,na,ok,ok,nok,nok,ok,432,3,2,0,2,0,0,0,7,"1,59",10:00-10:30
2025-05-15,Morning,Alex,3,100005051.00.04,4000171,439,720,CLOSED,na,ok,ok,nok,nok,ok,434,3,1,1,0,0,0,0,5,"1,14",10:00-10:30
2025-05-15,Morning,Alex,3,100005049.00.03,4000174,263,720,open,na,ok,ok,ok,nok,ok,262,0,1,0,0,0,0,0,1,"0,38",10:00-10:30
2025-05-15,Morning,Alex,3,100005051.00.04,4000174,263,720,open,na,ok,ok,nok,ok,ok,261,1,0,0,0,1,0,0,2,"0,76",10:00-10:30
2025-05-15,Afternoon,John,3,100005049.00.03,4000174,714,750,open,na,ok,ok,nok,nok,ok,705,5,2,0,2,0,0,0,9,"1,26",18:00-18:30
2025-05-15,Afternoon,John,3,100005051.00.04,4000174,714,750,open,na,ok,ok,nok,nok,ok,708,4,1,0,1,0,0,0,6,"0,84",18:00-18:30
2025-05-16,Morning,Alex,1,100005078.00.06,4000172,736,750,open,ok,ok,ok,nok,nok,ok,730,4,1,0,1,0,0,0,6,"0,82",10:00-10:30
2025-05-16,Morning,Alex,1,100005081.00.05,4000172,736,750,open,na,ok,ok,nok,nok,ok,730,4,1,0,0,1,0,0,6,"0,82",10:00-10:30
2025-05-16,Morning,Alex,1,100005058.00.05,4000172,736,750,open,na,ok,ok,nok,nok,ok,723,8,2,0,3,0,0,0,13,"1,77",10:00-10:30
2025-05-16,Afternoon,John,1,100005078.00.06,4000172,178,720,CLOSED,ok,ok,ok,nok,nok,ok,176,1,1,0,0,0,0,0,2,"1,12",18:00-18:30
2025-05-16,Afternoon,John,1,100005081.00.05,4000172,178,720,CLOSED,na,ok,ok,nok,ok,ok,177,1,0,0,0,0,0,0,1,"0,56",18:00-18:30
2025-05-16,Afternoon,John,1,100005058.00.05,4000172,178,720,CLOSED,na,ok,ok,nok,nok,ok,176,1,1,0,0,0,0,0,2,"1,12",18:00-18:30
2025-05-16,Afternoon,John,1,100005078.00.06,4000175,567,720,open,ok,ok,ok,nok,nok,ok,559,4,2,0,2,0,0,0,8,"1,41",18:00-18:30
2025-05-16,Afternoon,John,1,100005081.00.05,4000175,567,720,open,na,ok,ok,nok,nok,ok,562,2,1,0,2,0,0,0,5,"0,88",18:00-18:30
2025-05-16,Afternoon,John,1,100005058.00.05,4000175,567,720,open,na,ok,ok,nok,nok,ok,561,4,1,1,0,0,0,0,6,"1,06",18:00-18:30
2025-05-19,Morning,Alex,1,100005078.00.06,4000175,633,720,CLOSED,ok,ok,ok,nok,nok,ok,625,4,2,2,0,0,0,0,8,"1,26",10:00-10:30
2025-05-19,Morning,Alex,1,100005081.00.05,4000175,633,720,CLOSED,na,ok,ok,nok,nok,ok,626,4,1,0,0,2,0,0,7,"1,11",10:00-10:30
2025-05-19,Morning,Alex,1,100005058.00.05,4000175,633,720,CLOSED,na,ok,ok,nok,nok,ok,627,4,1,0,0,1,0,0,6,"0,95",10:00-10:30
2025-05-19,Morning,Alex,1,100005078.00.06,4000179,114,720,open,ok,ok,ok,ok,nok,ok,113,0,1,0,0,0,0,0,1,"0,88",10:00-10:30
2025-05-19,Morning,Alex,1,100005081.00.05,4000179,114,720,open,na,ok,ok,nok,ok,ok,113,1,0,0,0,0,0,0,1,"0,88",10:00-10:30
2025-05-19,Morning,Alex,1,100005058.00.05,4000179,114,720,open,na,ok,ok,nok,ok,ok,112,1,0,0,1,0,0,0,2,"1,75",10:00-10:30
2025-05-19,Afternoon,John,1,100005078.00.06,4000179,753,750,open,ok,ok,ok,nok,nok,ok,741,7,3,0,2,0,0,0,12,"1,59",18:00-18:30
2025-05-19,Afternoon,John,1,100005081.00.05,4000179,753,750,open,na,ok,ok,nok,nok,ok,739,9,3,2,0,0,0,0,14,"1,86",18:00-18:30
2025-05-19,Afternoon,John,1,100005058.00.05,4000179,753,750,open,na,ok,ok,nok,nok,ok,747,3,2,0,0,1,0,0,6,"0,8",18:00-18:30
2025-05-20,Morning,Alex,2,100005035.00.03,4000176,289,720,CLOSED,na,ok,ok,nok,nok,ok,287,1,1,0,0,0,0,0,2,"0,69",10:00-10:30
2025-05-20,Morning,Alex,2,100005039.00.04,4000176,289,720,CLOSED,na,ok,ok,ok,ok,ok,289,0,0,0,0,0,0,0,0,0,10:00-10:30
2025-05-20,Morning,Alex,2,100005035.00.03,4000180,434,720,open,na,ok,ok,nok,nok,ok,428,4,1,0,0,1,0,0,6,"1,38",10:00-10:30
2025-05-20,Morning,Alex,2,100005039.00.04,4000180,434,720,open,na,ok,ok,nok,nok,ok,431,1,1,1,0,0,0,0,3,"0,69",10:00-10:30
2025-05-20,Afternoon,John,2,100005035.00.03,4000180,754,750,open,na,ok,ok,nok,nok,ok,747,4,2,0,0,1,0,0,7,"0,93",18:00-18:30
2025-05-20,Afternoon,John,2,100005039.00.04,4000180,754,750,open,na,ok,ok,nok,nok,ok,748,3,1,2,0,0,0,0,6,"0,8",18:00-18:30
2025-05-21,Morning,John,3,100005049.00.03,4000178,748,750,open,na,ok,ok,nok,nok,ok,739,5,2,0,0,2,0,0,9,"1,2",10:00-10:30
2025-05-21,Morning,John,3,100005051.00.04,4000178,748,750,open,na,ok,ok,nok,nok,ok,743,3,1,0,1,0,0,0,5,"0,67",10:00-10:30
2025-05-21,Afternoon,Alex,3,100005049.00.03,4000178,369,720,CLOSED,na,ok,ok,nok,ok,ok,366,2,0,0,0,1,0,0,3,"0,81",18:00-18:30
2025-05-21,Afternoon,Alex,3,100005051.00.04,4000178,369,720,CLOSED,na,ok,ok,nok,ok,ok,365,3,0,0,1,0,0,0,4,"1,08",18:00-18:30
2025-05-21,Afternoon,Alex,3,100005049.00.03,4000181,380,720,open,na,ok,ok,nok,ok,ok,378,1,0,0,0,1,0,0,2,"0,53",18:00-18:30
2025-05-21,Afternoon,Alex,3,100005051.00.04,4000181,380,720,open,na,ok,ok,nok,ok,ok,378,1,0,0,1,0,0,0,2,"0,53",18:00-18:30
2025-05-22,Morning,John,1,100005078.00.06,4000179,333,720,CLOSED,ok,ok,ok,nok,ok,ok,332,1,0,0,0,0,0,0,1,"0,3",10:00-10:30
2025-05-22,Morning,John,1,100005081.00.05,4000179,333,720,CLOSED,na,ok,ok,nok,ok,ok,331,1,0,1,0,0,0,0,2,"0,6",10:00-10:30
2025-05-22,Morning,John,1,100005058.00.05,4000179,333,720,CLOSED,na,ok,ok,nok,ok,ok,332,1,0,0,0,0,0,0,1,"0,3",10:00-10:30
2025-05-22,Morning,John,1,100005078.00.06,4000182,409,720,open,ok,ok,ok,nok,nok,ok,401,4,2,0,0,2,0,0,8,"1,96",10:00-10:30
2025-05-22,Morning,John,1,100005081.00.05,4000182,409,720,open,na,ok,ok,nok,nok,ok,406,2,1,0,0,0,0,0,3,"0,73",10:00-10:30
2025-05-22,Morning,John,1,100005058.00.05,4000182,409,720,open,na,ok,ok,nok,ok,ok,407,1,0,0,1,0,0,0,2,"0,49",10:00-10:30
2025-05-22,Afternoon,Alex,1,100005078.00.06,4000182,747,750,open,ok,ok,ok,nok,nok,ok,742,3,1,1,0,0,0,0,5,"0,67",18:00-18:30
2025-05-22,Afternoon,Alex,1,100005081.00.05,4000182,747,750,open,na,ok,ok,nok,nok,ok,741,3,1,2,0,0,0,0,6,"0,8",18:00-18:30
2025-05-22,Afternoon,Alex,1,100005058.00.05,4000182,747,750,open,na,ok,ok,nok,nok,ok,741,4,1,0,1,0,0,0,6,"0,8",18:00-18:30
2025-05-23,Morning,John,2,100005035.00.03,4000180,12,720,CLOSED,na,ok,ok,nok,ok,ok,11,1,0,0,0,0,0,0,1,"8,33",10:00-10:30
2025-05-23,Morning,John,2,100005039.00.04,4000180,12,720,CLOSED,na,ok,ok,ok,ok,ok,12,0,0,0,0,0,0,0,0,0,10:00-10:30
2025-05-23,Morning,John,2,100005035.00.03,4000183,692,720,open,na,ok,ok,nok,nok,ok,679,8,2,0,3,0,0,0,13,"1,88",10:00-10:30
2025-05-23,Morning,John,2,100005039.00.04,4000183,692,720,open,na,ok,ok,nok,nok,ok,681,6,2,0,3,0,0,0,11,"1,59",10:00-10:30
2025-05-23,Afternoon,Alex,2,100005035.00.03,4000183,508,720,CLOSED,na,ok,ok,nok,nok,ok,501,3,2,0,2,0,0,0,7,"1,38",18:00-18:30
2025-05-23,Afternoon,Alex,2,100005039.00.04,4000183,508,720,CLOSED,na,ok,ok,nok,nok,ok,505,2,1,0,0,0,0,0,3,"0,59",18:00-18:30
2025-05-23,Afternoon,Alex,2,100005035.00.03,4000184,228,720,open,na,ok,ok,nok,ok,ok,226,1,0,0,0,1,0,0,2,"0,88",18:00-18:30
2025-05-23,Afternoon,Alex,2,100005039.00.04,4000184,228,720,open,na,ok,ok,nok,ok,ok,227,1,0,0,0,0,0,0,1,"0,44",18:00-18:30
2025-05-26,Morning,John,2,100005035.00.03,4000184,735,750,open,na,ok,ok,nok,nok,ok,727,5,1,0,0,2,0,0,8,"1,09",10:00-10:30
2025-05-26,Morning,John,2,100005039.00.04,4000184,735,750,open,na,ok,ok,nok,nok,ok,723,7,3,0,2,0,0,0,12,"1,63",10:00-10:30
2025-05-26,Afternoon,Alex,2,100005035.00.03,4000184,237,720,CLOSED,na,ok,ok,nok,nok,ok,232,3,1,1,0,0,0,0,5,"2,11",18:00-18:30
2025-05-26,Afternoon,Alex,2,100005039.00.04,4000184,237,720,CLOSED,na,ok,ok,ok,ok,ok,237,0,0,0,0,0,0,0,0,0,18:00-18:30
2025-05-26,Afternoon,Alex,2,100005035.00.03,4000189,497,720,open,na,ok,ok,nok,ok,ok,494,2,0,0,0,1,0,0,3,"0,6",18:00-18:30
2025-05-26,Afternoon,Alex,2,100005039.00.04,4000189,497,720,open,na,ok,ok,nok,nok,ok,492,2,2,0,1,0,0,0,5,"1,01",18:00-18:30
2025-05-27,Morning,John,3,100005049.00.03,4000186,588,720,CLOSED,na,ok,ok,nok,nok,ok,581,4,2,0,0,1,0,0,7,"1,19",10:00-10:30
2025-05-27,Morning,John,3,100005051.00.04,4000186,588,720,CLOSED,na,ok,ok,nok,nok,ok,581,3,2,2,0,0,0,0,7,"1,19",10:00-10:30
2025-05-27,Morning,John,3,100005049.00.03,4000190,145,720,open,na,ok,ok,nok,ok,ok,144,1,0,0,0,0,0,0,1,"0,69",10:00-10:30
2025-05-27,Morning,John,3,100005051.00.04,4000190,145,720,open,na,ok,ok,ok,ok,ok,145,0,0,0,0,0,0,0,0,0,10:00-10:30
2025-05-27,Afternoon,Alex,3,100005049.00.03,4000190,734,750,open,na,ok,ok,nok,nok,ok,726,4,2,0,0,2,0,0,8,"1,09",18:00-18:30
2025-05-27,Afternoon,Alex,3,100005051.00.04,4000190,734,750,open,na,ok,ok,nok,nok,ok,723,7,2,0,0,2,0,0,11,"1,5",18:00-18:30
2025-05-28,Morning,Alex,1,100005078.00.06,4000188,740,750,open,ok,ok,ok,nok,nok,ok,730,6,2,2,0,0,0,0,10,"1,35",10:00-10:30
2025-05-28,Morning,Alex,1,100005081.00.05,4000188,740,750,open,na,ok,ok,nok,nok,ok,727,8,2,3,0,0,0,0,13,"1,76",10:00-10:30
2025-05-28,Morning,Alex,1,100005058.00.05,4000188,740,750,open,na,ok,ok,nok,nok,ok,731,5,2,0,2,0,0,0,9,"1,22",10:00-10:30
2025-05-28,Afternoon,John,1,100005078.00.06,4000188,170,720,CLOSED,ok,ok,ok,ok,ok,ok,170,0,0,0,0,0,0,0,0,0,18:00-18:30
2025-05-28,Afternoon,John,1,100005081.00.05,4000188,170,720,CLOSED,na,ok,ok,nok,ok,ok,168,1,0,0,0,1,0,0,2,"1,18",18:00-18:30
2025-05-28,Afternoon,John,1,100005058.00.05,4000188,170,720,CLOSED,na,ok,ok,nok,ok,ok,169,1,0,0,0,0,0,0,1,"0,59",18:00-18:30
2025-05-28,Afternoon,John,1,100005078.00.06,4000191,577,720,open,ok,ok,ok,nok,nok,ok,573,2,1,0,0,1,0,0,4,"0,69",18:00-18:30
2025-05-28,Afternoon,John,1,100005081.00.05,4000191,577,720,open,na,ok,ok,nok,nok,ok,571,4,1,0,1,0,0,0,6,"1,04",18:00-18:30
2025-05-28,Afternoon,John,1,100005058.00.05,4000191,577,720,open,na,ok,ok,nok,nok,ok,572,3,1,0,0,1,0,0,5,"0,87",18:00-18:30
2025-05-29,Morning,Alex,2,100005035.00.03,4000189,701,750,open,na,ok,ok,nok,nok,ok,690,6,3,0,0,2,0,0,11,"1,57",10:00-10:30
2025-05-29,Morning,Alex,2,100005039.00.04,4000189,701,750,open,na,ok,ok,nok,nok,ok,692,5,2,0,0,2,0,0,9,"1,28",10:00-10:30
2025-05-29,Afternoon,John,2,100005035.00.03,4000189,2,720,CLOSED,na,ok,ok,ok,ok,ok,2,0,0,0,0,0,0,0,0,0,18:00-18:30
2025-05-29,Afternoon,John,2,100005039.00.04,4000189,2,720,CLOSED,na,ok,ok,ok,ok,ok,2,0,0,0,0,0,0,0,0,0,18:00-18:30
2025-05-29,Afternoon,John,2,100005035.00.03,4000194,745,720,open,na,ok,ok,nok,nok,ok,737,5,1,0,0,2,0,0,8,"1,07",18:00-18:30
2025-05-29,Afternoon,John,2,100005039.00.04,4000194,745,720,open,na,ok,ok,nok,nok,ok,739,3,1,2,0,0,0,0,6,"0,81",18:00-18:30
2025-05-30,Morning,Alex,3,100005049.00.03,4000190,321,720,CLOSED,na,ok,ok,nok,nok,ok,316,3,1,0,1,0,0,0,5,"1,56",10:00-10:30
2025-05-30,Morning,Alex,3,100005051.00.04,4000190,321,720,CLOSED,na,ok,ok,nok,nok,ok,318,1,1,0,0,1,0,0,3,"0,93",10:00-10:30
2025-05-30,Morning,Alex,3,100005049.00.03,4000195,425,720,open,na,ok,ok,nok,nok,ok,415,6,2,2,0,0,0,0,10,"2,35",10:00-10:30
2025-05-30,Morning,Alex,3,100005051.00.04,4000195,425,720,open,na,ok,ok,nok,nok,ok,421,2,1,0,1,0,0,0,4,"0,94",10:00-10:30
2025-05-30,Afternoon,John,3,100005049.00.03,4000195,704,750,open,na,ok,ok,nok,nok,ok,696,5,1,0,0,2,0,0,8,"1,14",18:00-18:30
2025-05-30,Afternoon,John,3,100005051.00.04,4000195,704,750,open,na,ok,ok,nok,nok,ok,696,5,1,0,0,2,0,0,8,"1,14",18:00-18:30
2025-06-02,Morning,Alex,3,100005049.00.03,4000195,71,720,CLOSED,na,ok,ok,ok,ok,ok,71,0,0,0,0,0,0,0,0,0,10:00-10:30
2025-06-02,Morning,Alex,3,100005051.00.04,4000195,71,720,CLOSED,na,ok,ok,ok,ok,ok,71,0,0,0,0,0,0,0,0,0,10:00-10:30
2025-06-02,Morning,Alex,3,100005049.00.03,4000198,640,720,open,na,ok,ok,nok,nok,ok,630,5,3,0,0,2,0,0,10,"1,56",10:00-10:30
2025-06-02,Morning,Alex,3,100005051.00.04,4000198,640,720,open,na,ok,ok,nok,nok,ok,633,4,2,0,0,1,0,0,7,"1,09",10:00-10:30
2025-06-02,Afternoon,John,3,100005049.00.03,4000198,560,720,CLOSED,na,ok,ok,nok,nok,ok,557,1,1,1,0,0,0,0,3,"0,54",18:00-18:30
2025-06-02,Afternoon,John,3,100005051.00.04,4000198,560,720,CLOSED,na,ok,ok,nok,nok,ok,558,1,1,0,0,0,0,0,2,"0,36",18:00-18:30
2025-06-02,Afternoon,John,3,100005049.00.03,4000199,187,720,open,na,ok,ok,nok,ok,ok,186,1,0,0,0,0,0,0,1,"0,53",18:00-18:30
2025-06-02,Afternoon,John,3,100005051.00.04,4000199,187,720,open,na,ok,ok,ok,ok,ok,187,0,0,0,0,0,0,0,0,0,18:00-18:30
2025-06-03,Morning,Alex,1,100005078.00.06,4000196,337,720,CLOSED,ok,ok,ok,nok,nok,ok,333,2,1,1,0,0,0,0,4,"1,19",10:00-10:30
2025-06-03,Morning,Alex,1,100005081.00.05,4000196,337,720,CLOSED,na,ok,ok,nok,nok,ok,333,2,1,0,0,1,0,0,4,"1,19",10:00-10:30
2025-06-03,Morning,Alex,1,100005058.00.05,4000196,337,720,CLOSED,na,ok,ok,nok,ok,ok,334,2,0,0,0,1,0,0,3,"0,89",10:00-10:30
2025-06-03,Morning,Alex,1,100005078.00.06,4000200,415,720,open,ok,ok,ok,nok,nok,ok,408,4,1,2,0,0,0,0,7,"1,69",10:00-10:30
2025-06-03,Morning,Alex,1,100005081.00.05,4000200,415,720,open,na,ok,ok,nok,nok,ok,407,4,2,0,0,2,0,0,8,"1,93",10:00-10:30
2025-06-03,Morning,Alex,1,100005058.00.05,4000200,415,720,open,na,ok,ok,nok,nok,ok,408,3,2,0,2,0,0,0,7,"1,69",10:00-10:30
2025-06-03,Afternoon,John,1,100005078.00.06,4000200,769,750,open,ok,ok,ok,nok,nok,ok,764,3,1,1,0,0,0,0,5,"0,65",18:00-18:30
2025-06-03,Afternoon,John,1,100005081.00.05,4000200,769,750,open,na,ok,ok,nok,nok,ok,761,4,2,0,0,2,0,0,8,"1,04",18:00-18:30
2025-06-03,Afternoon,John,1,100005058.00.05,4000200,769,750,open,na,ok,ok,nok,nok,ok,763,3,1,0,0,2,0,0,6,"0,78",18:00-18:30
2025-06-04,Morning,John,2,100005035.00.03,4000197,172,720,CLOSED,na,ok,ok,nok,nok,ok,170,1,1,0,0,0,0,0,2,"1,16",10:00-10:30
2025-06-04,Morning,John,2,100005039.00.04,4000197,172,720,CLOSED,na,ok,ok,nok,nok,ok,169,2,1,0,0,0,0,0,3,"1,74",10:00-10:30
2025-06-04,Morning,John,2,100005035.00.03,4000201,571,720,open,na,ok,ok,nok,nok,ok,566,3,1,1,0,0,0,0,5,"0,88",10:00-10:30
2025-06-04,Morning,John,2,100005039.00.04,4000201,571,720,open,na,ok,ok,nok,nok,ok,563,4,2,0,2,0,0,0,8,"1,4",10:00-10:30
2025-06-04,Afternoon,Alex,2,100005035.00.03,4000201,629,720,CLOSED,na,ok,ok,nok,nok,ok,624,3,1,0,0,1,0,0,5,"0,79",18:00-18:30
2025-06-04,Afternoon,Alex,2,100005039.00.04,4000201,629,720,CLOSED,na,ok,ok,nok,nok,ok,626,1,1,1,0,0,0,0,3,"0,48",18:00-18:30
2025-06-04,Afternoon,Alex,2,100005035.00.03,4000202,122,720,open,na,ok,ok,ok,ok,ok,122,0,0,0,0,0,0,0,0,0,18:00-18:30
2025-06-04,Afternoon,Alex,2,100005039.00.04,4000202,122,720,open,na,ok,ok,nok,ok,ok,121,1,0,0,0,0,0,0,1,"0,82",18:00-18:30
2025-06-05,Morning,John,3,100005049.00.03,4000199,745,750,open,na,ok,ok,nok,nok,ok,734,6,2,3,0,0,0,0,11,"1,48",10:00-10:30
2025-06-05,Morning,John,3,100005051.00.04,4000199,745,750,open,na,ok,ok,nok,nok,ok,742,2,1,0,0,0,0,0,3,"0,4",10:00-10:30
2025-06-05,Afternoon,Alex,3,100005049.00.03,4000199,268,720,CLOSED,na,ok,ok,nok,nok,ok,266,1,1,0,0,0,0,0,2,"0,75",18:00-18:30
2025-06-05,Afternoon,Alex,3,100005051.00.04,4000199,268,720,CLOSED,na,ok,ok,nok,nok,ok,265,1,1,1,0,0,0,0,3,"1,12",18:00-18:30
2025-06-05,Afternoon,Alex,3,100005049.00.03,4000203,459,720,open,na,ok,ok,nok,nok,ok,456,1,1,1,0,0,0,0,3,"0,65",18:00-18:30
2025-06-05,Afternoon,Alex,3,100005051.00.04,4000203,459,720,open,na,ok,ok,nok,ok,ok,456,2,0,1,0,0,0,0,3,"0,65",18:00-18:30
2025-06-06,Morning,John,1,100005078.00.06,4000200,16,720,CLOSED,ok,ok,ok,ok,ok,ok,16,0,0,0,0,0,0,0,0,0,10:00-10:30
2025-06-06,Morning,John,1,100005081.00.05,4000200,16,720,CLOSED,na,ok,ok,ok,ok,ok,16,0,0,0,0,0,0,0,0,0,10:00-10:30
2025-06-06,Morning,John,1,100005058.00.05,4000200,16,720,CLOSED,na,ok,ok,ok,ok,ok,16,0,0,0,0,0,0,0,0,0,10:00-10:30
2025-06-06,Morning,John,1,100005078.00.06,4000204,723,720,open,ok,ok,ok,nok,nok,ok,712,6,2,0,0,3,0,0,11,"1,52",10:00-10:30
2025-06-06,Morning,John,1,100005081.00.05,4000204,723,720,open,na,ok,ok,nok,nok,ok,714,5,2,0,2,0,0,0,9,"1,24",10:00-10:30
2025-06-06,Morning,John,1,100005058.00.05,4000204,723,720,open,na,ok,ok,nok,nok,ok,716,4,2,1,0,0,0,0,7,"0,97",10:00-10:30
2025-06-06,Afternoon,Alex,1,100005078.00.06,4000204,477,720,CLOSED,ok,ok,ok,nok,nok,ok,471,3,1,2,0,0,0,0,6,"1,26",18:00-18:30
2025-06-06,Afternoon,Alex,1,100005081.00.05,4000204,477,720,CLOSED,na,ok,ok,nok,nok,ok,473,2,1,1,0,0,0,0,4,"0,84",18:00-18:30
2025-06-06,Afternoon,Alex,1,100005058.00.05,4000204,477,720,CLOSED,na,ok,ok,nok,nok,ok,473,2,1,1,0,0,0,0,4,"0,84",18:00-18:30
2025-06-06,Afternoon,Alex,1,100005078.00.06,4000205,293,720,open,ok,ok,ok,nok,ok,ok,291,1,0,1,0,0,0,0,2,"0,68",18:00-18:30
2025-06-06,Afternoon,Alex,1,100005081.00.05,4000205,293,720,open,na,ok,ok,nok,ok,ok,290,2,0,0,1,0,0,0,3,"1,02",18:00-18:30
2025-06-06,Afternoon,Alex,1,100005058.00.05,4000205,293,720,open,na,ok,ok,ok,ok,ok,292,0,0,1,0,0,0,0,1,"0,34",18:00-18:30
2025-06-09,Morning,John,1,100005078.00.06,4000205,743,750,open,ok,ok,ok,nok,nok,ok,735,4,2,0,0,2,0,0,8,"1,08",10:00-10:30
2025-06-09,Morning,John,1,100005081.00.05,4000205,743,750,open,na,ok,ok,nok,nok,ok,735,4,2,0,0,2,0,0,8,"1,08",10:00-10:30
2025-06-09,Morning,John,1,100005058.00.05,4000205,743,750,open,na,ok,ok,nok,nok,ok,739,2,1,1,0,0,0,0,4,"0,54",10:00-10:30
2025-06-09,Afternoon,Alex,1,100005078.00.06,4000205,164,720,CLOSED,ok,ok,ok,nok,nok,ok,162,1,1,0,0,0,0,0,2,"1,22",18:00-18:30
2025-06-09,Afternoon,Alex,1,100005081.00.05,4000205,164,720,CLOSED,na,ok,ok,nok,ok,ok,163,1,0,0,0,0,0,0,1,"0,61",18:00-18:30
2025-06-09,Afternoon,Alex,1,100005058.00.05,4000205,164,720,CLOSED,na,ok,ok,nok,ok,ok,162,1,0,1,0,0,0,0,2,"1,22",18:00-18:30
2025-06-09,Afternoon,Alex,1,100005078.00.06,4000208,569,720,open,ok,ok,ok,nok,nok,ok,563,3,2,0,0,1,0,0,6,"1,05",18:00-18:30
2025-06-09,Afternoon,Alex,1,100005081.00.05,4000208,569,720,open,na,ok,ok,nok,nok,ok,562,4,2,1,0,0,0,0,7,"1,23",18:00-18:30
2025-06-09,Afternoon,Alex,1,100005058.00.05,4000208,569,720,open,na,ok,ok,nok,nok,ok,564,3,1,1,0,0,0,0,5,"0,88",18:00-18:30
2025-06-10,Morning,John,2,100005035.00.03,4000206,722,750,open,na,ok,ok,nok,nok,ok,717,3,1,1,0,0,0,0,5,"0,69",10:00-10:30
2025-06-10,Morning,John,2,100005039.00.04,4000206,722,750,open,na,ok,ok,nok,nok,ok,718,2,1,0,1,0,0,0,4,"0,55",10:00-10:30
2025-06-10,Afternoon,Alex,2,100005035.00.03,4000206,58,720,CLOSED,na,ok,ok,nok,nok,ok,56,1,1,0,0,0,0,0,2,"3,45",18:00-18:30
2025-06-10,Afternoon,Alex,2,100005039.00.04,4000206,58,720,CLOSED,na,ok,ok,nok,ok,ok,57,1,0,0,0,0,0,0,1,"1,72",18:00-18:30
2025-06-10,Afternoon,Alex,2,100005035.00.03,4000209,698,720,open,na,ok,ok,nok,nok,ok,689,5,2,2,0,0,0,0,9,"1,29",18:00-18:30
2025-06-10,Afternoon,Alex,2,100005039.00.04,4000209,698,720,open,na,ok,ok,nok,nok,ok,686,6,2,4,0,0,0,0,12,"1,72",18:00-18:30
2025-06-11,Morning,Alex,3,100005049.00.03,4000207,430,720,CLOSED,na,ok,ok,nok,ok,ok,429,1,0,0,0,0,0,0,1,"0,23",10:00-10:30
2025-06-11,Morning,Alex,3,100005051.00.04,4000207,430,720,CLOSED,na,ok,ok,nok,nok,ok,426,2,1,1,0,0,0,0,4,"0,93",10:00-10:30
2025-06-11,Morning,Alex,3,100005049.00.03,4000210,287,720,open,na,ok,ok,nok,nok,ok,281,3,2,0,1,0,0,0,6,"2,09",10:00-10:30
2025-06-11,Morning,Alex,3,100005051.00.04,4000210,287,720,open,na,ok,ok,nok,nok,ok,282,3,1,1,0,0,0,0,5,"1,74",10:00-10:30
2025-06-11,Afternoon,John,3,100005049.00.03,4000210,718,750,open,na,ok,ok,nok,ok,ok,714,3,0,1,0,0,0,0,4,"0,56",18:00-18:30
2025-06-11,Afternoon,John,3,100005051.00.04,4000210,718,750,open,na,ok,ok,nok,nok,ok,714,2,1,0,1,0,0,0,4,"0,56",18:00-18:30
2025-06-12,Morning,Alex,1,100005078.00.06,4000208,631,720,CLOSED,ok,ok,ok,nok,nok,ok,622,6,2,0,1,0,0,0,9,"1,43",10:00-10:30
2025-06-12,Morning,Alex,1,100005081.00.05,4000208,631,720,CLOSED,na,ok,ok,nok,nok,ok,622,5,2,0,2,0,0,0,9,"1,43",10:00-10:30
2025-06-12,Morning,Alex,1,100005058.00.05,4000208,631,720,CLOSED,na,ok,ok,nok,nok,ok,622,5,2,2,0,0,0,0,9,"1,43",10:00-10:30
2025-06-12,Morning,Alex,1,100005078.00.06,4000211,113,720,open,ok,ok,ok,ok,ok,ok,113,0,0,0,0,0,0,0,0,0,10:00-10:30
2025-06-12,Morning,Alex,1,100005081.00.05,4000211,113,720,open,na,ok,ok,ok,ok,ok,112,0,0,1,0,0,0,0,1,"0,88",10:00-10:30
2025-06-12,Morning,Alex,1,100005058.00.05,4000211,113,720,open,na,ok,ok,ok,ok,ok,113,0,0,0,0,0,0,0,0,0,10:00-10:30
2025-06-12,Afternoon,John,1,100005078.00.06,4000211,759,750,open,ok,ok,ok,nok,nok,ok,748,6,3,2,0,0,0,0,11,"1,45",18:00-18:30
2025-06-12,Afternoon,John,1,100005081.00.05,4000211,759,750,open,na,ok,ok,nok,nok,ok,751,4,2,0,0,2,0,0,8,"1,05",18:00-18:30
2025-06-12,Afternoon,John,1,100005058.00.05,4000211,759,750,open,na,ok,ok,nok,nok,ok,753,3,2,1,0,0,0,0,6,"0,79",18:00-18:30
2025-06-13,Morning,Alex,2,100005035.00.03,4000209,502,720,CLOSED,na,ok,ok,nok,nok,ok,497,3,1,0,0,1,0,0,5,1,10:00-10:30
2025-06-13,Morning,Alex,2,100005039.00.04,4000209,502,720,CLOSED,na,ok,ok,nok,nok,ok,495,3,2,0,2,0,0,0,7,"1,39",10:00-10:30
2025-06-13,Morning,Alex,2,100005035.00.03,4000212,219,720,open,na,ok,ok,ok,ok,ok,219,0,0,0,0,0,0,0,0,0,10:00-10:30
2025-06-13,Morning,Alex,2,100005039.00.04,4000212,219,720,open,na,ok,ok,nok,ok,ok,217,1,0,1,0,0,0,0,2,"0,91",10:00-10:30
2025-06-13,Afternoon,John,2,100005035.00.03,4000212,730,750,open,na,ok,ok,nok,nok,ok,720,5,3,0,2,0,0,0,10,"1,37",18:00-18:30
2025-06-13,Afternoon,John,2,100005039.00.04,4000212,730,750,open,na,ok,ok,nok,nok,ok,720,6,2,0,2,0,0,0,10,"1,37",18:00-18:30
2025-06-16,Morning,Alex,2,100005035.00.03,4000212,251,720,CLOSED,na,ok,ok,nok,ok,ok,250,1,0,0,0,0,0,0,1,"0,4",10:00-10:30
2025-06-16,Morning,Alex,2,100005039.00.04,4000212,251,720,CLOSED,na,ok,ok,ok,ok,ok,251,0,0,0,0,0,0,0,0,0,10:00-10:30
2025-06-16,Morning,Alex,2,100005035.00.03,4000216,483,720,open,na,ok,ok,nok,nok,ok,476,3,1,3,0,0,0,0,7,"1,45",10:00-10:30
2025-06-16,Morning,Alex,2,100005039.00.04,4000216,483,720,open,na,ok,ok,nok,nok,ok,479,2,1,0,0,1,0,0,4,"0,83",10:00-10:30
2025-06-16,Afternoon,John,2,100005035.00.03,4000216,717,720,CLOSED,na,ok,ok,nok,nok,ok,707,5,3,2,0,0,0,0,10,"1,39",18:00-18:30
2025-06-16,Afternoon,John,2,100005039.00.04,4000216,717,720,CLOSED,na,ok,ok,nok,nok,ok,710,3,2,2,0,0,0,0,7,"0,98",18:00-18:30
2025-06-16,Afternoon,John,2,100005035.00.03,4000217,17,720,open,na,ok,ok,ok,ok,ok,17,0,0,0,0,0,0,0,0,0,18:00-18:30
2025-06-16,Afternoon,John,2,100005039.00.04,4000217,17,720,open,na,ok,ok,ok,ok,ok,17,0,0,0,0,0,0,0,0,0,18:00-18:30
2025-06-17,Morning,Alex,3,100005049.00.03,4000214,739,750,open,na,ok,ok,nok,nok,ok,733,3,2,1,0,0,0,0,6,"0,81",10:00-10:30
2025-06-17,Morning,Alex,3,100005051.00.04,4000214,739,750,open,na,ok,ok,nok,nok,ok,728,7,2,2,0,0,0,0,11,"1,49",10:00-10:30
2025-06-17,Afternoon,John,3,100005049.00.03,4000214,424,720,CLOSED,na,ok,ok,nok,nok,ok,421,2,1,0,0,0,0,0,3,"0,71",18:00-18:30
2025-06-17,Afternoon,John,3,100005051.00.04,4000214,424,720,CLOSED,na,ok,ok,nok,nok,ok,418,3,1,0,2,0,0,0,6,"1,42",18:00-18:30
2025-06-17,Afternoon,John,3,100005049.00.03,4000218,277,720,open,na,ok,ok,nok,ok,ok,275,1,0,0,1,0,0,0,2,"0,72",18:00-18:30
2025-06-17,Afternoon,John,3,100005051.00.04,4000218,277,720,open,na,ok,ok,nok,ok,ok,276,1,0,0,0,0,0,0,1,"0,36",18:00-18:30
2025-06-18,Morning,John,1,100005078.00.06,4000215,24,720,CLOSED,ok,ok,ok,nok,ok,ok,23,1,0,0,0,0,0,0,1,"4,17",10:00-10:30
2025-06-18,Morning,John,1,100005081.00.05,4000215,24,720,CLOSED,na,ok,ok,ok,ok,ok,24,0,0,0,0,0,0,0,0,0,10:00-10:30
2025-06-18,Morning,John,1,100005058.00.05,4000215,24,720,CLOSED,na,ok,ok,nok,ok,ok,23,1,0,0,0,0,0,0,1,"4,17",10:00-10:30
2025-06-18,Morning,John,1,100005078.00.06,4000219,707,720,open,ok,ok,ok,nok,nok,ok,697,5,3,2,0,0,0,0,10,"1,41",10:00-10:30
2025-06-18,Morning,John,1,100005081.00.05,4000219,707,720,open,na,ok,ok,nok,nok,ok,697,6,2,0,0,2,0,0,10,"1,41",10:00-10:30
2025-06-18,Morning,John,1,100005058.00.05,4000219,707,720,open,na,ok,ok,nok,nok,ok,695,7,2,0,0,3,0,0,12,"1,7",10:00-10:30
2025-06-18,Afternoon,Alex,1,100005078.00.06,4000219,493,720,CLOSED,ok,ok,ok,nok,nok,ok,486,4,2,1,0,0,0,0,7,"1,42",18:00-18:30
2025-06-18,Afternoon,Alex,1,100005081.00.05,4000219,493,720,CLOSED,na,ok,ok,nok,nok,ok,487,3,1,0,0,2,0,0,6,"1,22",18:00-18:30
2025-06-18,Afternoon,Alex,1,100005058.00.05,4000219,493,720,CLOSED,na,ok,ok,nok,nok,ok,488,3,1,0,0,1,0,0,5,"1,01",18:00-18:30
2025-06-18,Afternoon,Alex,1,100005078.00.06,4000220,245,720,open,ok,ok,ok,nok,ok,ok,243,1,0,1,0,0,0,0,2,"0,82",18:00-18:30
2025-06-18,Afternoon,Alex,1,100005081.00.05,4000220,245,720,open,na,ok,ok,nok,nok,ok,242,2,1,0,0,0,0,0,3,"1,22",18:00-18:30
2025-06-18,Afternoon,Alex,1,100005058.00.05,4000220,245,720,open,na,ok,ok,nok,nok,ok,242,2,1,0,0,0,0,0,3,"1,22",18:00-18:30
2025-06-19,Morning,John,2,100005035.00.03,4000217,732,750,open,na,ok,ok,nok,nok,ok,724,5,1,0,0,2,0,0,8,"1,09",10:00-10:30
2025-06-19,Morning,John,2,100005039.00.04,4000217,732,750,open,na,ok,ok,nok,nok,ok,723,6,2,0,0,1,0,0,9,"1,23",10:00-10:30
2025-06-19,Afternoon,Alex,2,100005035.00.03,4000217,451,720,CLOSED,na,ok,ok,nok,nok,ok,445,3,2,0,1,0,0,0,6,"1,33",18:00-18:30
2025-06-19,Afternoon,Alex,2,100005039.00.04,4000217,451,720,CLOSED,na,ok,ok,nok,nok,ok,448,2,1,0,0,0,0,0,3,"0,67",18:00-18:30
2025-06-19,Afternoon,Alex,2,100005035.00.03,4000221,295,720,open,na,ok,ok,nok,nok,ok,290,3,1,1,0,0,0,0,5,"1,69",18:00-18:30
2025-06-19,Afternoon,Alex,2,100005039.00.04,4000221,295,720,open,na,ok,ok,nok,nok,ok,289,4,1,0,1,0,0,0,6,"2,03",18:00-18:30
2025-06-20,Morning,John,3,100005049.00.03,4000218,739,750,open,na,ok,ok,nok,nok,ok,729,5,2,0,0,3,0,0,10,"1,35",10:00-10:30
2025-06-20,Morning,John,3,100005051.00.04,4000218,739,750,open,na,ok,ok,nok,nok,ok,735,2,1,0,1,0,0,0,4,"0,54",10:00-10:30
2025-06-20,Afternoon,Alex,3,100005049.00.03,4000218,184,720,CLOSED,na,ok,ok,nok,ok,ok,183,1,0,0,0,0,0,0,1,"0,54",18:00-18:30
2025-06-20,Afternoon,Alex,3,100005051.00.04,4000218,184,720,CLOSED,na,ok,ok,nok,nok,ok,181,2,1,0,0,0,0,0,3,"1,63",18:00-18:30
2025-06-20,Afternoon,Alex,3,100005049.00.03,4000222,555,720,open,na,ok,ok,nok,nok,ok,550,2,1,2,0,0,0,0,5,"0,9",18:00-18:30
2025-06-20,Afternoon,Alex,3,100005051.00.04,4000222,555,720,open,na,ok,ok,nok,nok,ok,549,4,1,0,0,1,0,0,6,"1,08",18:00-18:30
2025-06-23,Morning,John,3,100005049.00.03,4000222,645,720,CLOSED,na,ok,ok,nok,nok,ok,637,5,1,2,0,0,0,0,8,"1,24",10:00-10:30
2025-06-23,Morning,John,3,100005051.00.04,4000222,645,720,CLOSED,na,ok,ok,nok,nok,ok,637,5,1,0,2,0,0,0,8,"1,24",10:00-10:30
2025-06-23,Morning,John,3,100005049.00.03,4000225,57,720,open,na,ok,ok,ok,ok,ok,57,0,0,0,0,0,0,0,0,0,10:00-10:30
2025-06-23,Morning,John,3,100005051.00.04,4000225,57,720,open,na,ok,ok,nok,ok,ok,56,1,0,0,0,0,0,0,1,"1,75",10:00-10:30
2025-06-23,Afternoon,Alex,3,100005049.00.03,4000225,752,750,open,na,ok,ok,nok,nok,ok,745,4,2,1,0,0,0,0,7,"0,93",18:00-18:30
2025-06-23,Afternoon,Alex,3,100005051.00.04,4000225,752,750,open,na,ok,ok,nok,nok,ok,747,2,2,0,1,0,0,0,5,"0,66",18:00-18:30
2025-06-24,Morning,John,1,100005078.00.06,4000223,653,720,CLOSED,ok,ok,ok,nok,nok,ok,648,2,2,0,0,1,0,0,5,"0,77",10:00-10:30
2025-06-24,Morning,John,1,100005081.00.05,4000223,653,720,CLOSED,na,ok,ok,nok,ok,ok,651,1,0,0,0,1,0,0,2,"0,31",10:00-10:30
2025-06-24,Morning,John,1,100005058.00.05,4000223,653,720,CLOSED,na,ok,ok,nok,ok,ok,650,2,0,0,0,1,0,0,3,"0,46",10:00-10:30
2025-06-24,Morning,John,1,100005078.00.06,4000226,112,720,open,ok,ok,ok,ok,ok,ok,112,0,0,0,0,0,0,0,0,0,10:00-10:30
2025-06-24,Morning,John,1,100005081.00.05,4000226,112,720,open,na,ok,ok,nok,nok,ok,110,1,1,0,0,0,0,0,2,"1,79",10:00-10:30
2025-06-24,Morning,John,1,100005058.00.05,4000226,112,720,open,na,ok,ok,nok,ok,ok,111,1,0,0,0,0,0,0,1,"0,89",10:00-10:30
2025-06-24,Afternoon,Alex,1,100005078.00.06,4000226,764,750,open,ok,ok,ok,nok,nok,ok,756,4,2,0,0,2,0,0,8,"1,05",18:00-18:30
2025-06-24,Afternoon,Alex,1,100005081.00.05,4000226,764,750,open,na,ok,ok,nok,nok,ok,754,6,2,2,0,0,0,0,10,"1,31",18:00-18:30
2025-06-24,Afternoon,Alex,1,100005058.00.05,4000226,764,750,open,na,ok,ok,nok,nok,ok,753,6,2,3,0,0,0,0,11,"1,44",18:00-18:30
2025-06-25,Morning,Alex,2,100005035.00.03,4000224,650,720,CLOSED,na,ok,ok,nok,nok,ok,643,5,1,0,0,1,0,0,7,"1,08",10:00-10:30
2025-06-25,Morning,Alex,2,100005039.00.04,4000224,650,720,CLOSED,na,ok,ok,nok,nok,ok,644,4,1,1,0,0,0,0,6,"0,92",10:00-10:30
2025-06-25,Morning,Alex,2,100005035.00.03,4000227,86,720,open,na,ok,ok,nok,ok,ok,84,1,0,1,0,0,0,0,2,"2,33",10:00-10:30
2025-06-25,Morning,Alex,2,100005039.00.04,4000227,86,720,open,na,ok,ok,nok,ok,ok,85,1,0,0,0,0,0,0,1,"1,16",10:00-10:30
2025-06-25,Afternoon,John,2,100005035.00.03,4000227,730,750,open,na,ok,ok,nok,nok,ok,726,2,1,0,1,0,0,0,4,"0,55",18:00-18:30
2025-06-25,Afternoon,John,2,100005039.00.04,4000227,730,750,open,na,ok,ok,nok,nok,ok,721,5,2,0,2,0,0,0,9,"1,23",18:00-18:30
2025-06-26,Morning,Alex,3,100005049.00.03,4000225,391,720,CLOSED,na,ok,ok,nok,nok,ok,388,1,1,1,0,0,0,0,3,"0,77",10:00-10:30
2025-06-26,Morning,Alex,3,100005051.00.04,4000225,391,720,CLOSED,na,ok,ok,nok,nok,ok,388,1,1,1,0,0,0,0,3,"0,77",10:00-10:30
2025-06-26,Morning,Alex,3,100005049.00.03,4000228,315,720,open,na,ok,ok,nok,ok,ok,314,1,0,0,0,0,0,0,1,"0,32",10:00-10:30
2025-06-26,Morning,Alex,3,100005051.00.04,4000228,315,720,open,na,ok,ok,nok,ok,ok,312,2,0,1,0,0,0,0,3,"0,95",10:00-10:30
2025-06-26,Afternoon,John,3,100005049.00.03,4000228,735,750,open,na,ok,ok,nok,nok,ok,731,2,1,0,0,1,0,0,4,"0,54",18:00-18:30
2025-06-26,Afternoon,John,3,100005051.00.04,4000228,735,750,open,na,ok,ok,nok,nok,ok,727,5,1,0,0,2,0,0,8,"1,09",18:00-18:30
2025-06-27,Morning,Alex,1,100005078.00.06,4000226,324,720,CLOSED,ok,ok,ok,nok,ok,ok,321,2,0,0,0,1,0,0,3,"0,93",10:00-10:30
2025-06-27,Morning,Alex,1,100005081.00.05,4000226,324,720,CLOSED,na,ok,ok,nok,nok,ok,321,2,1,0,0,0,0,0,3,"0,93",10:00-10:30
2025-06-27,Morning,Alex,1,100005058.00.05,4000226,324,720,CLOSED,na,ok,ok,nok,nok,ok,319,3,1,1,0,0,0,0,5,"1,54",10:00-10:30
2025-06-27,Morning,Alex,1,100005078.00.06,4000229,443,720,open,ok,ok,ok,nok,nok,ok,438,3,1,0,0,1,0,0,5,"1,13",10:00-10:30
2025-06-27,Morning,Alex,1,100005081.00.05,4000229,443,720,open,na,ok,ok,nok,nok,ok,438,3,1,0,0,1,0,0,5,"1,13",10:00-10:30
2025-06-27,Morning,Alex,1,100005058.00.05,4000229,443,720,open,na,ok,ok,nok,nok,ok,439,2,1,0,1,0,0,0,4,"0,9",10:00-10:30
2025-06-27,Afternoon,John,1,100005078.00.06,4000229,757,720,CLOSED,ok,ok,ok,nok,nok,ok,747,6,2,2,0,0,0,0,10,"1,32",18:00-18:30
2025-06-27,Afternoon,John,1,100005081.00.05,4000229,757,720,CLOSED,na,ok,ok,nok,nok,ok,751,3,1,2,0,0,0,0,6,"0,79",18:00-18:30
2025-06-27,Afternoon,John,1,100005058.00.05,4000229,757,720,CLOSED,na,ok,ok,nok,nok,ok,750,4,2,0,1,0,0,0,7,"0,92",18:00-18:30
2025-06-27,Afternoon,John,1,100005078.00.06,4000230,2,720,open,ok,ok,ok,ok,ok,ok,2,0,0,0,0,0,0,0,0,0,18:00-18:30
2025-06-27,Afternoon,John,1,100005081.00.05,4000230,2,720,open,na,ok,ok,ok,ok,ok,2,0,0,0,0,0,0,0,0,0,18:00-18:30
2025-06-27,Afternoon,John,1,100005058.00.05,4000230,2,720,open,na,ok,ok,ok,ok,ok,2,0,0,0,0,0,0,0,0,0,18:00-18:30
2025-06-30,Morning,Alex,1,100005078.00.06,4000230,757,750,open,ok,ok,ok,nok,nok,ok,753,2,1,0,1,0,0,0,4,"0,53",10:00-10:30
2025-06-30,Morning,Alex,1,100005081.00.05,4000230,757,750,open,na,ok,ok,nok,nok,ok,752,3,1,1,0,0,0,0,5,"0,66",10:00-10:30
2025-06-30,Morning,Alex,1,100005058.00.05,4000230,757,750,open,na,ok,ok,nok,nok,ok,754,1,1,0,0,1,0,0,3,"0,4",10:00-10:30
2025-06-30,Afternoon,John,1,100005078.00.06,4000230,441,720,CLOSED,ok,ok,ok,nok,nok,ok,438,2,1,0,0,0,0,0,3,"0,68",18:00-18:30
2025-06-30,Afternoon,John,1,100005081.00.05,4000230,441,720,CLOSED,na,ok,ok,nok,nok,ok,435,3,2,1,0,0,0,0,6,"1,36",18:00-18:30
2025-06-30,Afternoon,John,1,100005058.00.05,4000230,441,720,CLOSED,na,ok,ok,nok,ok,ok,438,2,0,1,0,0,0,0,3,"0,68",18:00-18:30
2025-06-30,Afternoon,John,1,100005078.00.06,4000234,301,720,open,ok,ok,ok,nok,nok,ok,295,3,2,0,0,1,0,0,6,"1,99",18:00-18:30
2025-06-30,Afternoon,John,1,100005081.00.05,4000234,301,720,open,na,ok,ok,nok,nok,ok,296,3,1,1,0,0,0,0,5,"1,66",18:00-18:30
2025-06-30,Afternoon,John,1,100005058.00.05,4000234,301,720,open,na,ok,ok,nok,nok,ok,294,4,2,1,0,0,0,0,7,"2,33",18:00-18:30
2025-07-01,Morning,Alex,2,100005035.00.03,4000231,98,720,CLOSED,na,ok,ok,ok,nok,ok,97,0,1,0,0,0,0,0,1,"1,02",10:00-10:30
2025-07-01,Morning,Alex,2,100005039.00.04,4000231,98,720,CLOSED,na,ok,ok,nok,ok,ok,97,1,0,0,0,0,0,0,1,"1,02",10:00-10:30
2025-07-01,Morning,Alex,2,100005035.00.03,4000235,632,720,open,na,ok,ok,nok,nok,ok,628,2,1,0,0,1,0,0,4,"0,63",10:00-10:30
2025-07-01,Morning,Alex,2,100005039.00.04,4000235,632,720,open,na,ok,ok,nok,nok,ok,630,1,1,0,0,0,0,0,2,"0,32",10:00-10:30
2025-07-01,Afternoon,John,2,100005035.00.03,4000235,568,720,CLOSED,na,ok,ok,nok,nok,ok,563,3,1,0,1,0,0,0,5,"0,88",18:00-18:30
2025-07-01,Afternoon,John,2,100005039.00.04,4000235,568,720,CLOSED,na,ok,ok,nok,ok,ok,565,2,0,0,1,0,0,0,3,"0,53",18:00-18:30
2025-07-01,Afternoon,John,2,100005035.00.03,4000236,169,720,open,na,ok,ok,ok,ok,ok,169,0,0,0,0,0,0,0,0,0,18:00-18:30
2025-07-01,Afternoon,John,2,100005039.00.04,4000236,169,720,open,na,ok,ok,nok,ok,ok,168,1,0,0,0,0,0,0,1,"0,59",18:00-18:30
2025-07-02,Morning,John,3,100005049.00.03,4000233,714,750,open,na,ok,ok,nok,nok,ok,709,3,1,0,0,1,0,0,5,"0,7",10:00-10:30
2025-07-02,Morning,John,3,100005051.00.04,4000233,714,750,open,na,ok,ok,nok,nok,ok,708,4,1,1,0,0,0,0,6,"0,84",10:00-10:30
2025-07-02,Afternoon,Alex,3,100005049.00.03,4000233,409,720,CLOSED,na,ok,ok,nok,ok,ok,407,1,0,0,0,1,0,0,2,"0,49",18:00-18:30
2025-07-02,Afternoon,Alex,3,100005051.00.04,4000233,409,720,CLOSED,na,ok,ok,nok,nok,ok,402,3,2,0,0,2,0,0,7,"1,71",18:00-18:30
2025-07-02,Afternoon,Alex,3,100005049.00.03,4000237,341,720,open,na,ok,ok,nok,nok,ok,337,2,1,0,0,1,0,0,4,"1,17",18:00-18:30
2025-07-02,Afternoon,Alex,3,100005051.00.04,4000237,341,720,open,na,ok,ok,nok,ok,ok,339,1,0,1,0,0,0,0,2,"0,59",18:00-18:30
2025-07-03,Morning,John,1,100005078.00.06,4000234,745,750,open,ok,ok,ok,nok,nok,ok,737,5,2,0,0,1,0,0,8,"1,07",10:00-10:30
2025-07-03,Morning,John,1,100005081.00.05,4000234,745,750,open,na,ok,ok,nok,nok,ok,739,3,2,0,0,1,0,0,6,"0,81",10:00-10:30
2025-07-03,Morning,John,1,100005058.00.05,4000234,745,750,open,na,ok,ok,nok,nok,ok,740,3,1,0,1,0,0,0,5,"0,67",10:00-10:30
2025-07-03,Afternoon,Alex,1,100005078.00.06,4000234,154,720,CLOSED,ok,ok,ok,ok,ok,ok,154,0,0,0,0,0,0,0,0,0,18:00-18:30
2025-07-03,Afternoon,Alex,1,100005081.00.05,4000234,154,720,CLOSED,na,ok,ok,ok,ok,ok,154,0,0,0,0,0,0,0,0,0,18:00-18:30
2025-07-03,Afternoon,Alex,1,100005058.00.05,4000234,154,720,CLOSED,na,ok,ok,ok,ok,ok,154,0,0,0,0,0,0,0,0,0,18:00-18:30
2025-07-03,Afternoon,Alex,1,100005078.00.06,4000238,607,720,open,ok,ok,ok,nok,nok,ok,604,1,1,0,1,0,0,0,3,"0,49",18:00-18:30
2025-07-03,Afternoon,Alex,1,100005081.00.05,4000238,607,720,open,na,ok,ok,nok,nok,ok,600,4,2,1,0,0,0,0,7,"1,15",18:00-18:30
2025-07-03,Afternoon,Alex,1,100005058.00.05,4000238,607,720,open,na,ok,ok,nok,nok,ok,604,2,1,0,0,0,0,0,3,"0,49",18:00-18:30
2025-07-04,Morning,John,2,100005035.00.03,4000236,745,750,open,na,ok,ok,nok,nok,ok,739,3,1,2,0,0,0,0,6,"0,81",10:00-10:30
2025-07-04,Morning,John,2,100005039.00.04,4000236,745,750,open,na,ok,ok,nok,nok,ok,735,5,3,0,0,2,0,0,10,"1,34",10:00-10:30
2025-07-04,Afternoon,Alex,2,100005035.00.03,4000236,286,720,CLOSED,na,ok,ok,ok,ok,ok,285,0,0,0,1,0,0,0,1,"0,35",18:00-18:30
2025-07-04,Afternoon,Alex,2,100005039.00.04,4000236,286,720,CLOSED,na,ok,ok,nok,nok,ok,282,2,1,0,0,1,0,0,4,"1,4",18:00-18:30
2025-07-04,Afternoon,Alex,2,100005035.00.03,4000239,421,720,open,na,ok,ok,nok,nok,ok,419,1,1,0,0,0,0,0,2,"0,48",18:00-18:30
2025-07-04,Afternoon,Alex,2,100005039.00.04,4000239,421,720,open,na,ok,ok,nok,nok,ok,417,2,1,0,1,0,0,0,4,"0,95",18:00-18:30
2025-07-07,Morning,John,2,100005035.00.03,4000239,722,750,open,na,ok,ok,nok,nok,ok,717,3,1,0,0,1,0,0,5,"0,69",10:00-10:30
2025-07-07,Morning,John,2,100005039.00.04,4000239,722,750,open,na,ok,ok,nok,nok,ok,708,9,3,0,0,2,0,0,14,"1,94",10:00-10:30
2025-07-07,Afternoon,Alex,2,100005035.00.03,4000239,57,720,CLOSED,na,ok,ok,nok,ok,ok,56,1,0,0,0,0,0,0,1,"1,75",18:00-18:30
2025-07-07,Afternoon,Alex,2,100005039.00.04,4000239,57,720,CLOSED,na,ok,ok,nok,ok,ok,56,1,0,0,0,0,0,0,1,"1,75",18:00-18:30
2025-07-07,Afternoon,Alex,2,100005035.00.03,4000242,686,720,open,na,ok,ok,nok,nok,ok,672,6,3,0,5,0,0,0,14,"2,04",18:00-18:30
2025-07-07,Afternoon,Alex,2,100005039.00.04,4000242,686,720,open,na,ok,ok,nok,nok,ok,678,5,1,2,0,0,0,0,8,"1,17",18:00-18:30
2025-07-08,Morning,John,3,100005049.00.03,4000240,614,720,CLOSED,na,ok,ok,nok,nok,ok,612,1,1,0,0,0,0,0,2,"0,33",10:00-10:30
2025-07-08,Morning,John,3,100005051.00.04,4000240,614,720,CLOSED,na,ok,ok,nok,nok,ok,606,5,2,1,0,0,0,0,8,"1,3",10:00-10:30
2025-07-08,Morning,John,3,100005049.00.03,4000243,133,720,open,na,ok,ok,nok,ok,ok,132,1,0,0,0,0,0,0,1,"0,75",10:00-10:30
2025-07-08,Morning,John,3,100005051.00.04,4000243,133,720,open,na,ok,ok,nok,nok,ok,131,1,1,0,0,0,0,0,2,"1,5",10:00-10:30
2025-07-08,Afternoon,Alex,3,100005049.00.03,4000243,745,750,open,na,ok,ok,nok,nok,ok,731,9,2,0,0,3,0,0,14,"1,88",18:00-18:30
2025-07-08,Afternoon,Alex,3,100005051.00.04,4000243,745,750,open,na,ok,ok,nok,nok,ok,740,3,1,0,0,1,0,0,5,"0,67",18:00-18:30
2025-07-09,Morning,Alex,1,100005078.00.06,4000241,295,720,CLOSED,ok,ok,ok,nok,nok,ok,293,1,1,0,0,0,0,0,2,"0,68",10:00-10:30
2025-07-09,Morning,Alex,1,100005081.00.05,4000241,295,720,CLOSED,na,ok,ok,nok,ok,ok,293,1,0,0,1,0,0,0,2,"0,68",10:00-10:30
2025-07-09,Morning,Alex,1,100005058.00.05,4000241,295,720,CLOSED,na,ok,ok,nok,nok,ok,289,4,1,0,0,1,0,0,6,"2,03",10:00-10:30
2025-07-09,Morning,Alex,1,100005078.00.06,4000244,444,720,open,ok,ok,ok,nok,nok,ok,440,2,1,0,1,0,0,0,4,"0,9",10:00-10:30
2025-07-09,Morning,Alex,1,100005081.00.05,4000244,444,720,open,na,ok,ok,nok,nok,ok,439,3,1,1,0,0,0,0,5,"1,13",10:00-10:30
2025-07-09,Morning,Alex,1,100005058.00.05,4000244,444,720,open,na,ok,ok,nok,nok,ok,439,3,1,1,0,0,0,0,5,"1,13",10:00-10:30
2025-07-09,Afternoon,John,1,100005078.00.06,4000244,738,750,open,ok,ok,ok,nok,nok,ok,725,7,3,3,0,0,0,0,13,"1,76",18:00-18:30
2025-07-09,Afternoon,John,1,100005081.00.05,4000244,738,750,open,na,ok,ok,nok,nok,ok,733,3,1,1,0,0,0,0,5,"0,68",18:00-18:30
2025-07-09,Afternoon,John,1,100005058.00.05,4000244,738,750,open,na,ok,ok,nok,nok,ok,727,7,2,0,2,0,0,0,11,"1,49",18:00-18:30
2025-07-10,Morning,Alex,2,100005035.00.03,4000242,514,720,CLOSED,na,ok,ok,nok,nok,ok,510,2,1,1,0,0,0,0,4,"0,78",10:00-10:30
2025-07-10,Morning,Alex,2,100005039.00.04,4000242,514,720,CLOSED,na,ok,ok,nok,nok,ok,504,5,3,0,2,0,0,0,10,"1,95",10:00-10:30
2025-07-10,Morning,Alex,2,100005035.00.03,4000245,209,720,open,na,ok,ok,nok,ok,ok,208,1,0,0,0,0,0,0,1,"0,48",10:00-10:30
2025-07-10,Morning,Alex,2,100005039.00.04,4000245,209,720,open,na,ok,ok,ok,nok,ok,208,0,1,0,0,0,0,0,1,"0,48",10:00-10:30
2025-07-10,Afternoon,John,2,100005035.00.03,4000245,750,750,open,na,ok,ok,nok,nok,ok,742,4,2,0,0,2,0,0,8,"1,07",18:00-18:30
2025-07-10,Afternoon,John,2,100005039.00.04,4000245,750,750,open,na,ok,ok,nok,nok,ok,737,8,2,0,3,0,0,0,13,"1,73",18:00-18:30
2025-07-11,Morning,Alex,3,100005049.00.03,4000243,322,720,CLOSED,na,ok,ok,nok,nok,ok,318,2,1,1,0,0,0,0,4,"1,24",10:00-10:30
2025-07-11,Morning,Alex,3,100005051.00.04,4000243,322,720,CLOSED,na,ok,ok,nok,nok,ok,316,3,1,0,2,0,0,0,6,"1,86",10:00-10:30
2025-07-11,Morning,Alex,3,100005049.00.03,4000246,427,720,open,na,ok,ok,nok,nok,ok,425,1,1,0,0,0,0,0,2,"0,47",10:00-10:30
2025-07-11,Morning,Alex,3,100005051.00.04,4000246,427,720,open,na,ok,ok,nok,nok,ok,421,3,1,0,2,0,0,0,6,"1,41",10:00-10:30
2025-07-11,Afternoon,John,3,100005049.00.03,4000246,725,750,open,na,ok,ok,nok,nok,ok,721,2,1,0,1,0,0,0,4,"0,55",18:00-18:30
2025-07-11,Afternoon,John,3,100005051.00.04,4000246,725,750,open,na,ok,ok,nok,nok,ok,717,5,2,0,1,0,0,0,8,"1,1",18:00-18:30
2025-07-14,Morning,Alex,3,100005049.00.03,4000246,48,720,CLOSED,na,ok,ok,nok,nok,ok,46,1,1,0,0,0,0,0,2,"4,17",10:00-10:30
2025-07-14,Morning,Alex,3,100005051.00.04,4000246,48,720,CLOSED,na,ok,ok,ok,ok,ok,48,0,0,0,0,0,0,0,0,0,10:00-10:30
2025-07-14,Morning,Alex,3,100005049.00.03,4000251,700,720,open,na,ok,ok,nok,nok,ok,692,4,2,0,0,2,0,0,8,"1,14",10:00-10:30
2025-07-14,Morning,Alex,3,100005051.00.04,4000251,700,720,open,na,ok,ok,nok,nok,ok,695,3,1,1,0,0,0,0,5,"0,71",10:00-10:30
2025-07-14,Afternoon,John,3,100005049.00.03,4000251,500,720,CLOSED,na,ok,ok,nok,nok,ok,492,5,1,0,2,0,0,0,8,"1,6",18:00-18:30
2025-07-14,Afternoon,John,3,100005051.00.04,4000251,500,720,CLOSED,na,ok,ok,nok,nok,ok,496,2,1,0,0,1,0,0,4,"0,8",18:00-18:30
2025-07-14,Afternoon,John,3,100005049.00.03,4000252,237,720,open,na,ok,ok,ok,ok,ok,237,0,0,0,0,0,0,0,0,0,18:00-18:30
2025-07-14,Afternoon,John,3,100005051.00.04,4000252,237,720,open,na,ok,ok,nok,nok,ok,234,2,1,0,0,0,0,0,3,"1,27",18:00-18:30
2025-07-15,Morning,Alex,1,100005078.00.06,4000248,764,750,open,ok,ok,ok,nok,nok,ok,759,3,1,0,0,1,0,0,5,"0,65",10:00-10:30
2025-07-15,Morning,Alex,1,100005081.00.05,4000248,764,750,open,na,ok,ok,nok,nok,ok,756,4,1,0,0,3,0,0,8,"1,05",10:00-10:30
2025-07-15,Morning,Alex,1,100005058.00.05,4000248,764,750,open,na,ok,ok,nok,nok,ok,756,4,2,0,2,0,0,0,8,"1,05",10:00-10:30
2025-07-15,Afternoon,John,1,100005078.00.06,4000248,132,720,CLOSED,ok,ok,ok,ok,ok,ok,132,0,0,0,0,0,0,0,0,0,18:00-18:30
2025-07-15,Afternoon,John,1,100005081.00.05,4000248,132,720,CLOSED,na,ok,ok,nok,ok,ok,129,2,0,0,0,1,0,0,3,"2,27",18:00-18:30
2025-07-15,Afternoon,John,1,100005058.00.05,4000248,132,720,CLOSED,na,ok,ok,nok,nok,ok,129,1,1,0,1,0,0,0,3,"2,27",18:00-18:30
2025-07-15,Afternoon,John,1,100005078.00.06,4000253,633,720,open,ok,ok,ok,nok,nok,ok,626,3,1,3,0,0,0,0,7,"1,11",18:00-18:30
2025-07-15,Afternoon,John,1,100005081.00.05,4000253,633,720,open,na,ok,ok,nok,nok,ok,628,3,1,0,1,0,0,0,5,"0,79",18:00-18:30
2025-07-15,Afternoon,John,1,100005058.00.05,4000253,633,720,open,na,ok,ok,nok,nok,ok,627,3,1,0,2,0,0,0,6,"0,95",18:00-18:30
2025-07-16,Morning,John,2,100005035.00.03,4000250,717,750,open,na,ok,ok,nok,nok,ok,709,4,2,2,0,0,0,0,8,"1,12",10:00-10:30
2025-07-16,Morning,John,2,100005039.00.04,4000250,717,750,open,na,ok,ok,nok,nok,ok,709,4,2,0,0,2,0,0,8,"1,12",10:00-10:30
2025-07-16,Afternoon,Alex,2,100005035.00.03,4000250,437,720,CLOSED,na,ok,ok,nok,nok,ok,429,5,1,0,0,2,0,0,8,"1,83",18:00-18:30
2025-07-16,Afternoon,Alex,2,100005039.00.04,4000250,437,720,CLOSED,na,ok,ok,nok,ok,ok,434,2,0,1,0,0,0,0,3,"0,69",18:00-18:30
2025-07-16,Afternoon,Alex,2,100005035.00.03,4000254,293,720,open,na,ok,ok,nok,ok,ok,292,1,0,0,0,0,0,0,1,"0,34",18:00-18:30
2025-07-16,Afternoon,Alex,2,100005039.00.04,4000254,293,720,open,na,ok,ok,nok,nok,ok,287,4,1,1,0,0,0,0,6,"2,05",18:00-18:30
2025-07-17,Morning,John,3,100005049.00.03,4000252,717,750,open,na,ok,ok,nok,nok,ok,707,5,2,0,3,0,0,0,10,"1,39",10:00-10:30
2025-07-17,Morning,John,3,100005051.00.04,4000252,717,750,open,na,ok,ok,nok,nok,ok,708,4,3,0,0,2,0,0,9,"1,26",10:00-10:30
2025-07-17,Afternoon,Alex,3,100005049.00.03,4000252,246,720,CLOSED,na,ok,ok,nok,nok,ok,243,2,1,0,0,0,0,0,3,"1,22",18:00-18:30
2025-07-17,Afternoon,Alex,3,100005051.00.04,4000252,246,720,CLOSED,na,ok,ok,nok,ok,ok,243,2,0,1,0,0,0,0,3,"1,22",18:00-18:30
2025-07-17,Afternoon,Alex,3,100005049.00.03,4000256,498,720,open,na,ok,ok,nok,ok,ok,496,1,0,1,0,0,0,0,2,"0,4",18:00-18:30
2025-07-17,Afternoon,Alex,3,100005051.00.04,4000256,498,720,open,na,ok,ok,nok,nok,ok,492,3,2,0,1,0,0,0,6,"1,2",18:00-18:30
2025-07-18,Morning,John,1,100005078.00.06,4000253,567,720,CLOSED,ok,ok,ok,nok,nok,ok,560,4,1,0,2,0,0,0,7,"1,23",10:00-10:30
2025-07-18,Morning,John,1,100005081.00.05,4000253,567,720,CLOSED,na,ok,ok,nok,nok,ok,561,3,1,2,0,0,0,0,6,"1,06",10:00-10:30
2025-07-18,Morning,John,1,100005058.00.05,4000253,567,720,CLOSED,na,ok,ok,nok,nok,ok,559,4,2,0,0,2,0,0,8,"1,41",10:00-10:30
2025-07-18,Morning,John,1,100005078.00.06,4000257,184,720,open,ok,ok,ok,nok,nok,ok,182,1,1,0,0,0,0,0,2,"1,09",10:00-10:30
2025-07-18,Morning,John,1,100005081.00.05,4000257,184,720,open,na,ok,ok,nok,nok,ok,182,1,1,0,0,0,0,0,2,"1,09",10:00-10:30
2025-07-18,Morning,John,1,100005058.00.05,4000257,184,720,open,na,ok,ok,ok,ok,ok,184,0,0,0,0,0,0,0,0,0,10:00-10:30
2025-07-18,Afternoon,Alex,1,100005078.00.06,4000257,737,750,open,ok,ok,ok,nok,nok,ok,731,4,1,1,0,0,0,0,6,"0,81",18:00-18:30
2025-07-18,Afternoon,Alex,1,100005081.00.05,4000257,737,750,open,na,ok,ok,nok,nok,ok,728,5,2,2,0,0,0,0,9,"1,22",18:00-18:30
2025-07-18,Afternoon,Alex,1,100005058.00.05,4000257,737,750,open,na,ok,ok,nok,nok,ok,725,7,2,0,3,0,0,0,12,"1,63",18:00-18:30
2025-07-21,Morning,John,1,100005078.00.06,4000257,279,720,CLOSED,ok,ok,ok,nok,ok,ok,278,1,0,0,0,0,0,0,1,"0,36",10:00-10:30
2025-07-21,Morning,John,1,100005081.00.05,4000257,279,720,CLOSED,na,ok,ok,nok,nok,ok,276,1,1,0,1,0,0,0,3,"1,08",10:00-10:30
2025-07-21,Morning,John,1,100005058.00.05,4000257,279,720,CLOSED,na,ok,ok,nok,nok,ok,276,2,1,0,0,0,0,0,3,"1,08",10:00-10:30
2025-07-21,Morning,John,1,100005078.00.06,4000260,482,720,open,ok,ok,ok,nok,ok,ok,480,1,0,1,0,0,0,0,2,"0,41",10:00-10:30
2025-07-21,Morning,John,1,100005081.00.05,4000260,482,720,open,na,ok,ok,nok,nok,ok,474,4,2,0,2,0,0,0,8,"1,66",10:00-10:30
2025-07-21,Morning,John,1,100005058.00.05,4000260,482,720,open,na,ok,ok,nok,nok,ok,475,4,2,0,0,1,0,0,7,"1,45",10:00-10:30
2025-07-21,Afternoon,Alex,1,100005078.00.06,4000260,718,720,CLOSED,ok,ok,ok,nok,ok,ok,716,1,0,0,0,0,0,1,2,"0,28",18:00-18:30
2025-07-21,Afternoon,Alex,1,100005081.00.05,4000260,718,720,CLOSED,na,ok,ok,nok,nok,ok,710,4,2,2,0,0,0,0,8,"1,11",18:00-18:30
2025-07-21,Afternoon,Alex,1,100005058.00.05,4000260,718,720,CLOSED,na,ok,ok,nok,nok,ok,713,2,1,0,2,0,0,0,5,"0,7",18:00-18:30
2025-07-21,Afternoon,Alex,1,100005078.00.06,4000261,39,720,open,ok,ok,ok,ok,ok,ok,39,0,0,0,0,0,0,0,0,0,18:00-18:30
2025-07-21,Afternoon,Alex,1,100005081.00.05,4000261,39,720,open,na,ok,ok,nok,ok,ok,38,1,0,0,0,0,0,0,1,"2,56",18:00-18:30
2025-07-21,Afternoon,Alex,1,100005058.00.05,4000261,39,720,open,na,ok,ok,nok,ok,ok,38,1,0,0,0,0,0,0,1,"2,56",18:00-18:30
2025-07-22,Morning,John,2,100005035.00.03,4000258,668,720,CLOSED,na,ok,ok,nok,nok,ok,661,4,2,0,1,0,0,0,7,"1,05",10:00-10:30
2025-07-22,Morning,John,2,100005039.00.04,4000258,668,720,CLOSED,na,ok,ok,nok,nok,ok,663,2,2,0,0,1,0,0,5,"0,75",10:00-10:30
2025-07-22,Morning,John,2,100005035.00.03,4000263,80,720,open,na,ok,ok,nok,ok,ok,79,1,0,0,0,0,0,0,1,"1,25",10:00-10:30
2025-07-22,Morning,John,2,100005039.00.04,4000263,80,720,open,na,ok,ok,ok,ok,ok,80,0,0,0,0,0,0,0,0,0,10:00-10:30
2025-07-22,Afternoon,Alex,2,100005035.00.03,4000263,757,750,open,na,ok,ok,nok,nok,ok,744,7,2,0,0,4,0,0,13,"1,72",18:00-18:30
2025-07-22,Afternoon,Alex,2,100005039.00.04,4000263,757,750,open,na,ok,ok,nok,nok,ok,749,4,1,3,0,0,0,0,8,"1,06",18:00-18:30
2025-07-23,Morning,Alex,3,100005049.00.03,4000259,439,720,CLOSED,na,ok,ok,nok,nok,ok,437,1,1,0,0,0,0,0,2,"0,46",10:00-10:30
2025-07-23,Morning,Alex,3,100005051.00.04,4000259,439,720,CLOSED,na,ok,ok,nok,nok,ok,437,1,1,0,0,0,0,0,2,"0,46",10:00-10:30
2025-07-23,Morning,Alex,3,100005049.00.03,4000264,279,720,open,na,ok,ok,nok,nok,ok,274,2,2,1,0,0,0,0,5,"1,79",10:00-10:30
2025-07-23,Morning,Alex,3,100005051.00.04,4000264,279,720,open,na,ok,ok,nok,ok,ok,276,2,0,0,0,1,0,0,3,"1,08",10:00-10:30
2025-07-23,Afternoon,John,3,100005049.00.03,4000264,728,750,open,na,ok,ok,nok,nok,ok,717,7,2,2,0,0,0,0,11,"1,51",18:00-18:30
2025-07-23,Afternoon,John,3,100005051.00.04,4000264,728,750,open,na,ok,ok,nok,nok,ok,724,3,1,0,0,0,0,0,4,"0,55",18:00-18:30
2025-07-24,Morning,Alex,1,100005078.00.06,4000261,751,750,open,ok,ok,ok,nok,nok,ok,746,3,1,1,0,0,0,0,5,"0,67",10:00-10:30
2025-07-24,Morning,Alex,1,100005081.00.05,4000261,751,750,open,na,ok,ok,nok,nok,ok,739,7,3,2,0,0,0,0,12,"1,6",10:00-10:30
2025-07-24,Morning,Alex,1,100005058.00.05,4000261,751,750,open,na,ok,ok,nok,nok,ok,741,6,2,0,0,2,0,0,10,"1,33",10:00-10:30
2025-07-24,Afternoon,John,1,100005078.00.06,4000261,410,720,CLOSED,ok,ok,ok,nok,ok,ok,407,2,0,0,0,1,0,0,3,"0,73",18:00-18:30
2025-07-24,Afternoon,John,1,100005081.00.05,4000261,410,720,CLOSED,na,ok,ok,nok,nok,ok,404,4,1,1,0,0,0,0,6,"1,46",18:00-18:30
2025-07-24,Afternoon,John,1,100005058.00.05,4000261,410,720,CLOSED,na,ok,ok,nok,nok,ok,407,1,1,0,0,1,0,0,3,"0,73",18:00-18:30
2025-07-24,Afternoon,John,1,100005078.00.06,4000265,333,720,open,ok,ok,ok,nok,ok,ok,332,1,0,0,0,0,0,0,1,"0,3",18:00-18:30
2025-07-24,Afternoon,John,1,100005081.00.05,4000265,333,720,open,na,ok,ok,nok,nok,ok,324,6,2,0,1,0,0,0,9,"2,7",18:00-18:30
2025-07-24,Afternoon,John,1,100005058.00.05,4000265,333,720,open,na,ok,ok,nok,nok,ok,331,1,1,0,0,0,0,0,2,"0,6",18:00-18:30
2025-07-25,Morning,Alex,2,100005035.00.03,4000263,363,720,CLOSED,na,ok,ok,nok,ok,ok,362,1,0,0,0,0,0,0,1,"0,28",10:00-10:30
2025-07-25,Morning,Alex,2,100005039.00.04,4000263,363,720,CLOSED,na,ok,ok,nok,nok,ok,359,2,1,0,0,1,0,0,4,"1,1",10:00-10:30
2025-07-25,Morning,Alex,2,100005035.00.03,4000266,362,720,open,na,ok,ok,nok,nok,ok,357,2,1,0,0,2,0,0,5,"1,38",10:00-10:30
2025-07-25,Morning,Alex,2,100005039.00.04,4000266,362,720,open,na,ok,ok,nok,nok,ok,358,2,1,0,0,1,0,0,4,"1,1",10:00-10:30
2025-07-25,Afternoon,John,2,100005035.00.03,4000266,724,750,open,na,ok,ok,nok,nok,ok,718,3,1,2,0,0,0,0,6,"0,83",18:00-18:30
2025-07-25,Afternoon,John,2,100005039.00.04,4000266,724,750,open,na,ok,ok,nok,nok,ok,720,2,1,0,1,0,0,0,4,"0,55",18:00-18:30
2025-07-28,Morning,Alex,2,100005035.00.03,4000266,114,720,CLOSED,na,ok,ok,nok,ok,ok,112,1,0,1,0,0,0,0,2,"1,75",10:00-10:30
2025-07-28,Morning,Alex,2,100005039.00.04,4000266,114,720,CLOSED,na,ok,ok,ok,ok,ok,114,0,0,0,0,0,0,0,0,0,10:00-10:30
2025-07-28,Morning,Alex,2,100005035.00.03,4000270,635,720,open,na,ok,ok,nok,nok,ok,624,6,3,2,0,0,0,0,11,"1,73",10:00-10:30
2025-07-28,Morning,Alex,2,100005039.00.04,4000270,635,720,open,na,ok,ok,nok,nok,ok,630,3,1,0,1,0,0,0,5,"0,79",10:00-10:30
2025-07-28,Afternoon,John,2,100005035.00.03,4000270,565,720,CLOSED,na,ok,ok,nok,nok,ok,563,1,1,0,0,0,0,0,2,"0,35",18:00-18:30
2025-07-28,Afternoon,John,2,100005039.00.04,4000270,565,720,CLOSED,na,ok,ok,nok,nok,ok,557,4,2,0,0,2,0,0,8,"1,42",18:00-18:30
2025-07-28,Afternoon,John,2,100005035.00.03,4000271,163,720,open,na,ok,ok,nok,nok,ok,160,2,1,0,0,0,0,0,3,"1,84",18:00-18:30
2025-07-28,Afternoon,John,2,100005039.00.04,4000271,163,720,open,na,ok,ok,nok,ok,ok,162,1,0,0,0,0,0,0,1,"0,61",18:00-18:30
2025-07-29,Morning,Alex,3,100005049.00.03,4000268,700,750,open,na,ok,ok,nok,nok,ok,693,4,2,1,0,0,0,0,7,1,10:00-10:30
2025-07-29,Morning,Alex,3,100005051.00.04,4000268,700,750,open,na,ok,ok,nok,nok,ok,696,2,1,1,0,0,0,0,4,"0,57",10:00-10:30
2025-07-29,Afternoon,John,3,100005049.00.03,4000268,383,720,CLOSED,na,ok,ok,nok,nok,ok,379,2,1,0,1,0,0,0,4,"1,04",18:00-18:30
2025-07-29,Afternoon,John,3,100005051.00.04,4000268,383,720,CLOSED,na,ok,ok,nok,ok,ok,382,1,0,0,0,0,0,0,1,"0,26",18:00-18:30
2025-07-29,Afternoon,John,3,100005049.00.03,4000272,326,720,open,na,ok,ok,nok,nok,ok,322,2,1,1,0,0,0,0,4,"1,23",18:00-18:30
2025-07-29,Afternoon,John,3,100005051.00.04,4000272,326,720,open,na,ok,ok,nok,nok,ok,323,1,1,0,1,0,0,0,3,"0,92",18:00-18:30
2025-07-30,Morning,John,1,100005078.00.06,4000269,570,720,CLOSED,ok,ok,ok,nok,nok,ok,565,3,1,0,1,0,0,0,5,"0,88",10:00-10:30
2025-07-30,Morning,John,1,100005081.00.05,4000269,570,720,CLOSED,na,ok,ok,nok,nok,ok,562,4,2,0,0,2,0,0,8,"1,4",10:00-10:30
2025-07-30,Morning,John,1,100005058.00.05,4000269,570,720,CLOSED,na,ok,ok,nok,nok,ok,565,3,1,0,0,1,0,0,5,"0,88",10:00-10:30
2025-07-30,Morning,John,1,100005078.00.06,4000273,168,720,open,ok,ok,ok,nok,ok,ok,166,1,0,0,1,0,0,0,2,"1,19",10:00-10:30
2025-07-30,Morning,John,1,100005081.00.05,4000273,168,720,open,na,ok,ok,nok,ok,ok,167,1,0,0,0,0,0,0,1,"0,6",10:00-10:30
2025-07-30,Morning,John,1,100005058.00.05,4000273,168,720,open,na,ok,ok,nok,nok,ok,166,1,1,0,0,0,0,0,2,"1,19",10:00-10:30
2025-07-30,Afternoon,Alex,1,100005078.00.06,4000273,748,750,open,ok,ok,ok,nok,nok,ok,739,6,1,0,0,2,0,0,9,"1,2",18:00-18:30
2025-07-30,Afternoon,Alex,1,100005081.00.05,4000273,748,750,open,na,ok,ok,nok,nok,ok,737,6,3,2,0,0,0,0,11,"1,47",18:00-18:30
2025-07-30,Afternoon,Alex,1,100005058.00.05,4000273,748,750,open,na,ok,ok,nok,nok,ok,742,3,1,0,2,0,0,0,6,"0,8",18:00-18:30
2025-07-31,Morning,John,2,100005035.00.03,4000271,710,750,open,na,ok,ok,nok,nok,ok,701,4,3,0,2,0,0,0,9,"1,27",10:00-10:30
2025-07-31,Morning,John,2,100005039.00.04,4000271,710,750,open,na,ok,ok,nok,nok,ok,705,3,1,0,0,1,0,0,5,"0,7",10:00-10:30
2025-07-31,Afternoon,Alex,2,100005035.00.03,4000271,327,720,CLOSED,na,ok,ok,nok,ok,ok,324,2,0,0,1,0,0,0,3,"0,92",18:00-18:30
2025-07-31,Afternoon,Alex,2,100005039.00.04,4000271,327,720,CLOSED,na,ok,ok,nok,ok,ok,326,1,0,0,0,0,0,0,1,"0,31",18:00-18:30
2025-07-31,Afternoon,Alex,2,100005035.00.03,4000274,383,720,open,na,ok,ok,nok,nok,ok,380,2,1,0,0,0,0,0,3,"0,78",18:00-18:30
2025-07-31,Afternoon,Alex,2,100005039.00.04,4000274,383,720,open,na,ok,ok,nok,ok,ok,382,1,0,0,0,0,0,0,1,"0,26",18:00-18:30
2025-08-01,Morning,John,3,100005049.00.03,4000272,714,750,open,na,ok,ok,nok,nok,ok,705,5,2,0,2,0,0,0,9,"1,26",10:00-10:30
2025-08-01,Morning,John,3,100005051.00.04,4000272,714,750,open,na,ok,ok,nok,ok,ok,713,1,0,0,0,0,0,0,1,"0,14",10:00-10:30
2025-08-01,Afternoon,Alex,3,100005049.00.03,4000272,160,720,CLOSED,na,ok,ok,nok,nok,ok,158,1,1,0,0,0,0,0,2,"1,25",18:00-18:30
2025-08-01,Afternoon,Alex,3,100005051.00.04,4000272,160,720,CLOSED,na,ok,ok,ok,ok,ok,160,0,0,0,0,0,0,0,0,0,18:00-18:30
2025-08-01,Afternoon,Alex,3,100005049.00.03,4000275,591,720,open,na,ok,ok,nok,nok,ok,584,4,2,0,0,1,0,0,7,"1,18",18:00-18:30
2025-08-01,Afternoon,Alex,3,100005051.00.04,4000275,591,720,open,na,ok,ok,nok,nok,ok,587,2,1,0,1,0,0,0,4,"0,68",18:00-18:30
2025-08-04,Morning,John,3,100005049.00.03,4000275,609,720,CLOSED,na,ok,ok,nok,nok,ok,605,2,1,1,0,0,0,0,4,"0,66",10:00-10:30
2025-08-04,Morning,John,3,100005051.00.04,4000275,609,720,CLOSED,na,ok,ok,nok,nok,ok,604,3,1,0,0,1,0,0,5,"0,82",10:00-10:30
2025-08-04,Morning,John,3,100005049.00.03,4000278,144,720,open,na,ok,ok,ok,ok,ok,144,0,0,0,0,0,0,0,0,0,10:00-10:30
2025-08-04,Morning,John,3,100005051.00.04,4000278,144,720,open,na,ok,ok,ok,ok,ok,144,0,0,0,0,0,0,0,0,0,10:00-10:30
2025-08-04,Afternoon,Alex,3,100005049.00.03,4000278,759,750,open,na,ok,ok,nok,nok,ok,749,5,3,0,2,0,0,0,10,"1,32",18:00-18:30
2025-08-04,Afternoon,Alex,3,100005051.00.04,4000278,759,750,open,na,ok,ok,nok,nok,ok,749,5,2,0,3,0,0,0,10,"1,32",18:00-18:30
2025-08-05,Morning,John,1,100005078.00.06,4000276,15,720,CLOSED,ok,ok,ok,ok,ok,ok,15,0,0,0,0,0,0,0,0,0,10:00-10:30
2025-08-05,Morning,John,1,100005081.00.05,4000276,15,720,CLOSED,na,ok,ok,ok,ok,ok,15,0,0,0,0,0,0,0,0,0,10:00-10:30
2025-08-05,Morning,John,1,100005058.00.05,4000276,15,720,CLOSED,na,ok,ok,ok,ok,ok,15,0,0,0,0,0,0,0,0,0,10:00-10:30
2025-08-05,Morning,John,1,100005078.00.06,4000279,732,720,open,ok,ok,ok,nok,nok,ok,724,5,1,2,0,0,0,0,8,"1,09",10:00-10:30
2025-08-05,Morning,John,1,100005081.00.05,4000279,732,720,open,na,ok,ok,nok,nok,ok,726,3,1,2,0,0,0,0,6,"0,82",10:00-10:30
2025-08-05,Morning,John,1,100005058.00.05,4000279,732,720,open,na,ok,ok,nok,ok,ok,730,1,0,1,0,0,0,0,2,"0,27",10:00-10:30
2025-08-05,Afternoon,Alex,1,100005078.00.06,4000279,468,720,CLOSED,ok,ok,ok,nok,nok,ok,460,4,2,0,0,2,0,0,8,"1,71",18:00-18:30
2025-08-05,Afternoon,Alex,1,100005081.00.05,4000279,468,720,CLOSED,na,ok,ok,nok,nok,ok,463,2,1,2,0,0,0,0,5,"1,07",18:00-18:30
2025-08-05,Afternoon,Alex,1,100005058.00.05,4000279,468,720,CLOSED,na,ok,ok,ok,ok,ok,468,0,0,0,0,0,0,0,0,0,18:00-18:30
2025-08-05,Afternoon,Alex,1,100005078.00.06,4000280,291,720,open,ok,ok,ok,nok,ok,ok,288,2,0,0,1,0,0,0,3,"1,03",18:00-18:30
2025-08-05,Afternoon,Alex,1,100005081.00.05,4000280,291,720,open,na,ok,ok,nok,ok,ok,288,2,0,0,1,0,0,0,3,"1,03",18:00-18:30
2025-08-05,Afternoon,Alex,1,100005058.00.05,4000280,291,720,open,na,ok,ok,nok,ok,ok,288,2,0,0,1,0,0,0,3,"1,03",18:00-18:30
2025-08-06,Morning,Alex,2,100005035.00.03,4000277,549,720,CLOSED,na,ok,ok,nok,nok,ok,545,2,1,0,1,0,0,0,4,"0,73",10:00-10:30
2025-08-06,Morning,Alex,2,100005039.00.04,4000277,549,720,CLOSED,na,ok,ok,nok,nok,ok,545,2,1,1,0,0,0,0,4,"0,73",10:00-10:30
2025-08-06,Morning,Alex,2,100005035.00.03,4000281,154,720,open,na,ok,ok,nok,ok,ok,153,1,0,0,0,0,0,0,1,"0,65",10:00-10:30
2025-08-06,Morning,Alex,2,100005039.00.04,4000281,154,720,open,na,ok,ok,nok,nok,ok,152,1,1,0,0,0,0,0,2,"1,3",10:00-10:30
2025-08-06,Afternoon,John,2,100005035.00.03,4000281,759,750,open,na,ok,ok,nok,nok,ok,753,3,2,0,0,1,0,0,6,"0,79",18:00-18:30
2025-08-06,Afternoon,John,2,100005039.00.04,4000281,759,750,open,na,ok,ok,nok,nok,ok,754,3,1,0,1,0,0,0,5,"0,66",18:00-18:30
2025-08-07,Morning,Alex,3,100005049.00.03,4000278,297,720,CLOSED,na,ok,ok,nok,ok,ok,296,1,0,0,0,0,0,0,1,"0,34",10:00-10:30
2025-08-07,Morning,Alex,3,100005051.00.04,4000278,297,720,CLOSED,na,ok,ok,nok,nok,ok,292,3,1,0,0,1,0,0,5,"1,68",10:00-10:30
2025-08-07,Morning,Alex,3,100005049.00.03,4000282,418,720,open,na,ok,ok,nok,ok,ok,416,1,0,0,0,1,0,0,2,"0,48",10:00-10:30
2025-08-07,Morning,Alex,3,100005051.00.04,4000282,418,720,open,na,ok,ok,nok,nok,ok,410,4,2,0,2,0,0,0,8,"1,91",10:00-10:30
2025-08-07,Afternoon,John,3,100005049.00.03,4000282,759,750,open,na,ok,ok,nok,nok,ok,754,3,1,1,0,0,0,0,5,"0,66",18:00-18:30
2025-08-07,Afternoon,John,3,100005051.00.04,4000282,759,750,open,na,ok,ok,nok,nok,ok,754,2,1,0,2,0,0,0,5,"0,66",18:00-18:30
2025-08-08,Morning,Alex,1,100005078.00.06,4000280,751,750,open,ok,ok,ok,nok,ok,ok,748,2,0,1,0,0,0,0,3,"0,4",10:00-10:30
2025-08-08,Morning,Alex,1,100005081.00.05,4000280,751,750,open,na,ok,ok,nok,nok,ok,745,3,1,2,0,0,0,0,6,"0,8",10:00-10:30
2025-08-08,Morning,Alex,1,100005058.00.05,4000280,751,750,open,na,ok,ok,nok,nok,ok,743,4,3,0,1,0,0,0,8,"1,07",10:00-10:30
2025-08-08,Afternoon,John,1,100005078.00.06,4000280,158,720,CLOSED,ok,ok,ok,nok,ok,ok,157,1,0,0,0,0,0,0,1,"0,63",18:00-18:30
2025-08-08,Afternoon,John,1,100005081.00.05,4000280,158,720,CLOSED,na,ok,ok,nok,nok,ok,156,1,1,0,0,0,0,0,2,"1,27",18:00-18:30
2025-08-08,Afternoon,John,1,100005058.00.05,4000280,158,720,CLOSED,na,ok,ok,ok,ok,ok,158,0,0,0,0,0,0,0,0,0,18:00-18:30
2025-08-08,Afternoon,John,1,100005078.00.06,4000283,598,720,open,ok,ok,ok,nok,nok,ok,593,3,1,0,1,0,0,0,5,"0,84",18:00-18:30
2025-08-08,Afternoon,John,1,100005081.00.05,4000283,598,720,open,na,ok,ok,nok,nok,ok,592,3,2,0,0,1,0,0,6,1,18:00-18:30
2025-08-08,Afternoon,John,1,100005058.00.05,4000283,598,720,open,na,ok,ok,nok,ok,ok,594,3,0,0,1,0,0,0,4,"0,67",18:00-18:30
2025-08-11,Morning,Alex,1,100005078.00.06,4000283,602,720,CLOSED,ok,ok,ok,nok,nok,ok,596,3,1,2,0,0,0,0,6,1,10:00-10:30
2025-08-11,Morning,Alex,1,100005081.00.05,4000283,602,720,CLOSED,na,ok,ok,nok,nok,ok,595,3,2,0,2,0,0,0,7,"1,16",10:00-10:30
2025-08-11,Morning,Alex,1,100005058.00.05,4000283,602,720,CLOSED,na,ok,ok,nok,nok,ok,595,4,1,0,0,2,0,0,7,"1,16",10:00-10:30
2025-08-11,Morning,Alex,1,100005078.00.06,4000289,155,720,open,ok,ok,ok,nok,ok,ok,153,1,0,0,1,0,0,0,2,"1,29",10:00-10:30
2025-08-11,Morning,Alex,1,100005081.00.05,4000289,155,720,open,na,ok,ok,nok,ok,ok,154,1,0,0,0,0,0,0,1,"0,65",10:00-10:30
2025-08-11,Morning,Alex,1,100005058.00.05,4000289,155,720,open,na,ok,ok,nok,ok,ok,154,1,0,0,0,0,0,0,1,"0,65",10:00-10:30
2025-08-11,Afternoon,John,1,100005078.00.06,4000289,763,750,open,ok,ok,ok,nok,nok,ok,758,2,2,0,0,1,0,0,5,"0,66",18:00-18:30
2025-08-11,Afternoon,John,1,100005081.00.05,4000289,763,750,open,na,ok,ok,nok,nok,ok,754,5,2,0,2,0,0,0,9,"1,18",18:00-18:30
2025-08-11,Afternoon,John,1,100005058.00.05,4000289,763,750,open,na,ok,ok,nok,nok,ok,755,4,2,0,0,2,0,0,8,"1,05",18:00-18:30
2025-08-12,Morning,Alex,2,100005035.00.03,4000286,700,750,open,na,ok,ok,nok,nok,ok,688,6,2,0,4,0,0,0,12,"1,71",10:00-10:30
2025-08-12,Morning,Alex,2,100005039.00.04,4000286,700,750,open,na,ok,ok,nok,nok,ok,692,5,1,0,0,2,0,0,8,"1,14",10:00-10:30
2025-08-12,Afternoon,John,2,100005035.00.03,4000286,494,720,CLOSED,na,ok,ok,nok,nok,ok,488,3,2,0,0,1,0,0,6,"1,21",18:00-18:30
2025-08-12,Afternoon,John,2,100005039.00.04,4000286,494,720,CLOSED,na,ok,ok,nok,nok,ok,490,2,1,0,1,0,0,0,4,"0,81",18:00-18:30
2025-08-12,Afternoon,John,2,100005035.00.03,4000290,252,720,open,na,ok,ok,nok,ok,ok,250,1,0,0,0,1,0,0,2,"0,79",18:00-18:30
2025-08-12,Afternoon,John,2,100005039.00.04,4000290,252,720,open,na,ok,ok,nok,ok,ok,250,1,0,1,0,0,0,0,2,"0,79",18:00-18:30
2025-08-13,Morning,John,3,100005049.00.03,4000288,712,750,open,na,ok,ok,nok,nok,ok,704,5,1,0,0,2,0,0,8,"1,12",10:00-10:30
2025-08-13,Morning,John,3,100005051.00.04,4000288,712,750,open,na,ok,ok,nok,nok,ok,701,7,2,0,0,2,0,0,11,"1,54",10:00-10:30
2025-08-13,Afternoon,Alex,3,100005049.00.03,4000288,214,720,CLOSED,na,ok,ok,nok,ok,ok,213,1,0,0,0,0,0,0,1,"0,47",18:00-18:30
2025-08-13,Afternoon,Alex,3,100005051.00.04,4000288,214,720,CLOSED,na,ok,ok,nok,nok,ok,211,1,1,1,0,0,0,0,3,"1,4",18:00-18:30
2025-08-13,Afternoon,Alex,3,100005049.00.03,4000291,493,720,open,na,ok,ok,nok,nok,ok,487,3,1,2,0,0,0,0,6,"1,22",18:00-18:30
2025-08-13,Afternoon,Alex,3,100005051.00.04,4000291,493,720,open,na,ok,ok,nok,nok,ok,490,1,1,0,0,1,0,0,3,"0,61",18:00-18:30
2025-08-14,Morning,John,1,100005078.00.06,4000289,282,720,CLOSED,ok,ok,ok,nok,ok,ok,279,2,0,0,0,1,0,0,3,"1,06",10:00-10:30
2025-08-14,Morning,John,1,100005081.00.05,4000289,282,720,CLOSED,na,ok,ok,nok,ok,ok,281,1,0,0,0,0,0,0,1,"0,35",10:00-10:30
2025-08-14,Morning,John,1,100005058.00.05,4000289,282,720,CLOSED,na,ok,ok,nok,ok,ok,281,1,0,0,0,0,0,0,1,"0,35",10:00-10:30
2025-08-14,Morning,John,1,100005078.00.06,4000294,455,720,open,ok,ok,ok,nok,ok,ok,454,1,0,0,0,0,0,0,1,"0,22",10:00-10:30
2025-08-14,Morning,John,1,100005081.00.05,4000294,455,720,open,na,ok,ok,nok,nok,ok,446,5,2,0,0,2,0,0,9,"1,98",10:00-10:30
2025-08-14,Morning,John,1,100005058.00.05,4000294,455,720,open,na,ok,ok,nok,ok,ok,453,1,0,0,0,1,0,0,2,"0,44",10:00-10:30
2025-08-14,Afternoon,Alex,1,100005078.00.06,4000294,745,720,CLOSED,ok,ok,ok,nok,nok,ok,735,5,2,3,0,0,0,0,10,"1,34",18:00-18:30
2025-08-14,Afternoon,Alex,1,100005081.00.05,4000294,745,720,CLOSED,na,ok,ok,nok,nok,ok,728,10,3,0,4,0,0,0,17,"2,28",18:00-18:30
2025-08-14,Afternoon,Alex,1,100005058.00.05,4000294,745,720,CLOSED,na,ok,ok,nok,nok,ok,737,4,2,0,2,0,0,0,8,"1,07",18:00-18:30
2025-08-14,Afternoon,Alex,1,100005078.00.06,4000295,25,720,open,ok,ok,ok,ok,ok,ok,25,0,0,0,0,0,0,0,0,0,18:00-18:30
2025-08-14,Afternoon,Alex,1,100005081.00.05,4000295,25,720,open,na,ok,ok,ok,ok,ok,25,0,0,0,0,0,0,0,0,0,18:00-18:30
2025-08-14,Afternoon,Alex,1,100005058.00.05,4000295,25,720,open,na,ok,ok,ok,ok,ok,25,0,0,0,0,0,0,0,0,0,18:00-18:30
2025-08-15,Morning,John,2,100005035.00.03,4000290,726,750,open,na,ok,ok,nok,nok,ok,718,4,2,2,0,0,0,0,8,"1,1",10:00-10:30
2025-08-15,Morning,John,2,100005039.00.04,4000290,726,750,open,na,ok,ok,nok,nok,ok,722,3,1,0,0,0,0,0,4,"0,55",10:00-10:30
2025-08-15,Afternoon,Alex,2,100005035.00.03,4000290,222,720,CLOSED,na,ok,ok,nok,ok,ok,221,1,0,0,0,0,0,0,1,"0,45",18:00-18:30
2025-08-15,Afternoon,Alex,2,100005039.00.04,4000290,222,720,CLOSED,na,ok,ok,nok,ok,ok,220,1,0,0,0,1,0,0,2,"0,9",18:00-18:30
2025-08-15,Afternoon,Alex,2,100005035.00.03,4000296,498,720,open,na,ok,ok,nok,nok,ok,494,2,1,1,0,0,0,0,4,"0,8",18:00-18:30
2025-08-15,Afternoon,Alex,2,100005039.00.04,4000296,498,720,open,na,ok,ok,nok,nok,ok,494,2,1,1,0,0,0,0,4,"0,8",18:00-18:30
2025-08-18,Morning,John,2,100005035.00.03,4000296,702,720,CLOSED,na,ok,ok,nok,nok,ok,691,7,3,1,0,0,0,0,11,"1,57",10:00-10:30
2025-08-18,Morning,John,2,100005039.00.04,4000296,702,720,CLOSED,na,ok,ok,nok,nok,ok,690,6,4,0,0,2,0,0,12,"1,71",10:00-10:30
2025-08-18,Morning,John,2,100005035.00.03,4000299,9,720,open,na,ok,ok,ok,ok,ok,9,0,0,0,0,0,0,0,0,0,10:00-10:30
2025-08-18,Morning,John,2,100005039.00.04,4000299,9,720,open,na,ok,ok,ok,ok,ok,9,0,0,0,0,0,0,0,0,0,10:00-10:30
2025-08-18,Afternoon,Alex,2,100005035.00.03,4000299,729,750,open,na,ok,ok,nok,nok,ok,720,6,1,0,2,0,0,0,9,"1,23",18:00-18:30
2025-08-18,Afternoon,Alex,2,100005039.00.04,4000299,729,750,open,na,ok,ok,nok,nok,ok,724,3,1,0,0,1,0,0,5,"0,69",18:00-18:30
2025-08-19,Morning,John,3,100005049.00.03,4000297,486,720,CLOSED,na,ok,ok,nok,nok,ok,477,5,2,0,2,0,0,0,9,"1,85",10:00-10:30
2025-08-19,Morning,John,3,100005051.00.04,4000297,486,720,CLOSED,na,ok,ok,nok,nok,ok,479,4,1,2,0,0,0,0,7,"1,44",10:00-10:30
2025-08-19,Morning,John,3,100005049.00.03,4000300,257,720,open,na,ok,ok,nok,nok,ok,253,2,1,0,1,0,0,0,4,"1,56",10:00-10:30
2025-08-19,Morning,John,3,100005051.00.04,4000300,257,720,open,na,ok,ok,nok,ok,ok,255,1,0,0,0,1,0,0,2,"0,78",10:00-10:30
2025-08-19,Afternoon,Alex,3,100005049.00.03,4000300,702,750,open,na,ok,ok,nok,nok,ok,697,3,1,0,1,0,0,0,5,"0,71",18:00-18:30
2025-08-19,Afternoon,Alex,3,100005051.00.04,4000300,702,750,open,na,ok,ok,nok,nok,ok,698,2,1,1,0,0,0,0,4,"0,57",18:00-18:30
2025-08-20,Morning,Alex,1,100005078.00.06,4000298,735,750,open,ok,ok,ok,nok,nok,ok,725,6,2,0,0,2,0,0,10,"1,36",10:00-10:30
2025-08-20,Morning,Alex,1,100005081.00.05,4000298,735,750,open,na,ok,ok,nok,nok,ok,729,3,1,0,0,2,0,0,6,"0,82",10:00-10:30
2025-08-20,Morning,Alex,1,100005058.00.05,4000298,735,750,open,na,ok,ok,nok,nok,ok,728,4,2,0,0,1,0,0,7,"0,95",10:00-10:30
2025-08-20,Afternoon,John,1,100005078.00.06,4000298,146,720,CLOSED,ok,ok,ok,nok,nok,ok,143,2,1,0,0,0,0,0,3,"2,05",18:00-18:30
2025-08-20,Afternoon,John,1,100005081.00.05,4000298,146,720,CLOSED,na,ok,ok,nok,ok,ok,144,1,0,0,1,0,0,0,2,"1,37",18:00-18:30
2025-08-20,Afternoon,John,1,100005058.00.05,4000298,146,720,CLOSED,na,ok,ok,ok,ok,ok,146,0,0,0,0,0,0,0,0,0,18:00-18:30
2025-08-20,Afternoon,John,1,100005078.00.06,4000301,615,720,open,ok,ok,ok,nok,nok,ok,611,2,1,1,0,0,0,0,4,"0,65",18:00-18:30
2025-08-20,Afternoon,John,1,100005081.00.05,4000301,615,720,open,na,ok,ok,nok,nok,ok,609,4,1,0,0,1,0,0,6,"0,98",18:00-18:30
2025-08-20,Afternoon,John,1,100005058.00.05,4000301,615,720,open,na,ok,ok,nok,nok,ok,609,3,2,0,0,1,0,0,6,"0,98",18:00-18:30
2025-08-21,Morning,Alex,2,100005035.00.03,4000299,462,720,CLOSED,na,ok,ok,nok,ok,ok,461,1,0,0,0,0,0,0,1,"0,22",10:00-10:30
2025-08-21,Morning,Alex,2,100005039.00.04,4000299,462,720,CLOSED,na,ok,ok,nok,nok,ok,460,1,1,0,0,0,0,0,2,"0,43",10:00-10:30
2025-08-21,Morning,Alex,2,100005035.00.03,4000302,243,720,open,na,ok,ok,nok,ok,ok,241,1,0,0,0,1,0,0,2,"0,82",10:00-10:30
2025-08-21,Morning,Alex,2,100005039.00.04,4000302,243,720,open,na,ok,ok,nok,nok,ok,239,2,1,0,0,1,0,0,4,"1,65",10:00-10:30
2025-08-21,Afternoon,John,2,100005035.00.03,4000302,746,750,open,na,ok,ok,nok,nok,ok,736,5,3,0,0,2,0,0,10,"1,34",18:00-18:30
2025-08-21,Afternoon,John,2,100005039.00.04,4000302,746,750,open,na,ok,ok,nok,nok,ok,742,2,1,0,1,0,0,0,4,"0,54",18:00-18:30
2025-08-22,Morning,Alex,3,100005049.00.03,4000300,241,720,CLOSED,na,ok,ok,nok,ok,ok,239,1,0,0,0,1,0,0,2,"0,83",10:00-10:30
2025-08-22,Morning,Alex,3,100005051.00.04,4000300,241,720,CLOSED,na,ok,ok,nok,ok,ok,239,1,0,0,0,1,0,0,2,"0,83",10:00-10:30
2025-08-22,Morning,Alex,3,100005049.00.03,4000303,503,720,open,na,ok,ok,nok,nok,ok,496,4,1,2,0,0,0,0,7,"1,39",10:00-10:30
2025-08-22,Morning,Alex,3,100005051.00.04,4000303,503,720,open,na,ok,ok,nok,nok,ok,498,3,1,0,1,0,0,0,5,"0,99",10:00-10:30
2025-08-22,Afternoon,John,3,100005049.00.03,4000303,697,720,CLOSED,na,ok,ok,nok,nok,ok,687,5,3,0,0,2,0,0,10,"1,43",18:00-18:30
2025-08-22,Afternoon,John,3,100005051.00.04,4000303,697,720,CLOSED,na,ok,ok,nok,nok,ok,694,2,1,0,0,0,0,0,3,"0,43",18:00-18:30
2025-08-22,Afternoon,John,3,100005049.00.03,4000304,58,720,open,na,ok,ok,nok,ok,ok,56,1,0,0,0,1,0,0,2,"3,45",18:00-18:30
2025-08-22,Afternoon,John,3,100005051.00.04,4000304,58,720,open,na,ok,ok,nok,ok,ok,57,1,0,0,0,0,0,0,1,"1,72",18:00-18:30
2025-08-25,Morning,Alex,3,100005049.00.03,4000304,747,750,open,na,ok,ok,nok,nok,ok,737,5,2,3,0,0,0,0,10,"1,34",10:00-10:30
2025-08-25,Morning,Alex,3,100005051.00.04,4000304,747,750,open,na,ok,ok,nok,nok,ok,740,4,1,2,0,0,0,0,7,"0,94",10:00-10:30
2025-08-25,Afternoon,John,3,100005049.00.03,4000304,395,720,CLOSED,na,ok,ok,nok,nok,ok,393,1,1,0,0,0,0,0,2,"0,51",18:00-18:30
2025-08-25,Afternoon,John,3,100005051.00.04,4000304,395,720,CLOSED,na,ok,ok,nok,nok,ok,390,3,1,1,0,0,0,0,5,"1,27",18:00-18:30
2025-08-25,Afternoon,John,3,100005049.00.03,4000308,353,720,open,na,ok,ok,nok,nok,ok,350,2,1,0,0,0,0,0,3,"0,85",18:00-18:30
2025-08-25,Afternoon,John,3,100005051.00.04,4000308,353,720,open,na,ok,ok,nok,nok,ok,349,2,1,0,0,1,0,0,4,"1,13",18:00-18:30
2025-08-26,Morning,Alex,1,100005078.00.06,4000305,303,720,CLOSED,ok,ok,ok,nok,nok,ok,297,4,1,0,0,1,0,0,6,"1,98",10:00-10:30
2025-08-26,Morning,Alex,1,100005081.00.05,4000305,303,720,CLOSED,na,ok,ok,nok,ok,ok,301,1,0,0,1,0,0,0,2,"0,66",10:00-10:30
2025-08-26,Morning,Alex,1,100005058.00.05,4000305,303,720,CLOSED,na,ok,ok,nok,nok,ok,301,1,1,0,0,0,0,0,2,"0,66",10:00-10:30
2025-08-26,Morning,Alex,1,100005078.00.06,4000309,435,720,open,ok,ok,ok,nok,ok,ok,434,1,0,0,0,0,0,0,1,"0,23",10:00-10:30
2025-08-26,Morning,Alex,1,100005081.00.05,4000309,435,720,open,na,ok,ok,nok,nok,ok,429,4,1,0,0,1,0,0,6,"1,38",10:00-10:30
2025-08-26,Morning,Alex,1,100005058.00.05,4000309,435,720,open,na,ok,ok,nok,nok,ok,432,2,1,0,0,0,0,0,3,"0,69",10:00-10:30
2025-08-26,Afternoon,John,1,100005078.00.06,4000309,740,750,open,ok,ok,ok,nok,nok,ok,731,5,2,0,0,2,0,0,9,"1,22",18:00-18:30
2025-08-26,Afternoon,John,1,100005081.00.05,4000309,740,750,open,na,ok,ok,nok,ok,ok,738,1,0,1,0,0,0,0,2,"0,27",18:00-18:30
2025-08-26,Afternoon,John,1,100005058.00.05,4000309,740,750,open,na,ok,ok,nok,nok,ok,730,5,3,0,0,2,0,0,10,"1,35",18:00-18:30
2025-08-27,Morning,John,2,100005035.00.03,4000307,740,750,open,na,ok,ok,nok,nok,ok,731,4,2,0,0,3,0,0,9,"1,22",10:00-10:30
2025-08-27,Morning,John,2,100005039.00.04,4000307,740,750,open,na,ok,ok,nok,nok,ok,736,2,1,1,0,0,0,0,4,"0,54",10:00-10:30
2025-08-27,Afternoon,Alex,2,100005035.00.03,4000307,430,720,CLOSED,na,ok,ok,nok,nok,ok,426,2,1,0,0,1,0,0,4,"0,93",18:00-18:30
2025-08-27,Afternoon,Alex,2,100005039.00.04,4000307,430,720,CLOSED,na,ok,ok,nok,ok,ok,427,2,0,1,0,0,0,0,3,"0,7",18:00-18:30
2025-08-27,Afternoon,Alex,2,100005035.00.03,4000310,288,720,open,na,ok,ok,nok,nok,ok,283,3,1,0,1,0,0,0,5,"1,74",18:00-18:30
2025-08-27,Afternoon,Alex,2,100005039.00.04,4000310,288,720,open,na,ok,ok,nok,nok,ok,283,3,1,1,0,0,0,0,5,"1,74",18:00-18:30
2025-08-28,Morning,John,3,100005049.00.03,4000308,705,750,open,na,ok,ok,nok,nok,ok,699,3,1,2,0,0,0,0,6,"0,85",10:00-10:30
2025-08-28,Morning,John,3,100005051.00.04,4000308,705,750,open,na,ok,ok,nok,nok,ok,698,4,2,0,0,1,0,0,7,"0,99",10:00-10:30
2025-08-28,Afternoon,Alex,3,100005049.00.03,4000308,142,720,CLOSED,na,ok,ok,ok,ok,ok,142,0,0,0,0,0,0,0,0,0,18:00-18:30
2025-08-28,Afternoon,Alex,3,100005051.00.04,4000308,142,720,CLOSED,na,ok,ok,nok,nok,ok,140,1,1,0,0,0,0,0,2,"1,41",18:00-18:30
2025-08-28,Afternoon,Alex,3,100005049.00.03,4000311,614,720,open,na,ok,ok,nok,nok,ok,605,4,3,0,2,0,0,0,9,"1,47",18:00-18:30
2025-08-28,Afternoon,Alex,3,100005051.00.04,4000311,614,720,open,na,ok,ok,nok,nok,ok,605,5,2,0,2,0,0,0,9,"1,47",18:00-18:30
2025-08-29,Morning,John,1,100005078.00.06,4000309,25,720,CLOSED,ok,ok,ok,ok,ok,ok,25,0,0,0,0,0,0,0,0,0,10:00-10:30
2025-08-29,Morning,John,1,100005081.00.05,4000309,25,720,CLOSED,na,ok,ok,ok,ok,ok,25,0,0,0,0,0,0,0,0,0,10:00-10:30
2025-08-29,Morning,John,1,100005058.00.05,4000309,25,720,CLOSED,na,ok,ok,ok,ok,ok,25,0,0,0,0,0,0,0,0,0,10:00-10:30
2025-08-29,Morning,John,1,100005078.00.06,4000312,743,720,open,ok,ok,ok,nok,nok,ok,734,5,3,1,0,0,0,0,9,"1,21",10:00-10:30
2025-08-29,Morning,John,1,100005081.00.05,4000312,743,720,open,na,ok,ok,nok,nok,ok,737,3,2,0,1,0,0,0,6,"0,81",10:00-10:30
2025-08-29,Morning,John,1,100005058.00.05,4000312,743,720,open,na,ok,ok,nok,nok,ok,734,5,2,2,0,0,0,0,9,"1,21",10:00-10:30
2025-08-29,Afternoon,Alex,1,100005078.00.06,4000312,457,720,CLOSED,ok,ok,ok,nok,nok,ok,452,2,1,2,0,0,0,0,5,"1,09",18:00-18:30
2025-08-29,Afternoon,Alex,1,100005081.00.05,4000312,457,720,CLOSED,na,ok,ok,nok,nok,ok,448,5,1,3,0,0,0,0,9,"1,97",18:00-18:30
2025-08-29,Afternoon,Alex,1,100005058.00.05,4000312,457,720,CLOSED,na,ok,ok,nok,nok,ok,452,3,1,1,0,0,0,0,5,"1,09",18:00-18:30
2025-08-29,Afternoon,Alex,1,100005078.00.06,4000313,275,720,open,ok,ok,ok,nok,nok,ok,273,1,1,0,0,0,0,0,2,"0,73",18:00-18:30
2025-08-29,Afternoon,Alex,1,100005081.00.05,4000313,275,720,open,na,ok,ok,nok,nok,ok,272,2,1,0,0,0,0,0,3,"1,09",18:00-18:30
2025-08-29,Afternoon,Alex,1,100005058.00.05,4000313,275,720,open,na,ok,ok,nok,nok,ok,271,2,1,0,1,0,0,0,4,"1,45",18:00-18:30
2025-09-01,Morning,John,1,100005078.00.06,4000313,761,750,open,ok,ok,ok,nok,nok,ok,752,4,3,2,0,0,0,0,9,"1,18",10:00-10:30
2025-09-01,Morning,John,1,100005081.00.05,4000313,761,750,open,na,ok,ok,nok,nok,ok,755,3,1,0,2,0,0,0,6,"0,79",10:00-10:30
2025-09-01,Morning,John,1,100005058.00.05,4000313,761,750,open,na,ok,ok,nok,nok,ok,756,3,1,1,0,0,0,0,5,"0,66",10:00-10:30
2025-09-01,Afternoon,Alex,1,100005078.00.06,4000313,164,720,CLOSED,ok,ok,ok,nok,ok,ok,163,1,0,0,0,0,0,0,1,"0,61",18:00-18:30
2025-09-01,Afternoon,Alex,1,100005081.00.05,4000313,164,720,CLOSED,na,ok,ok,nok,ok,ok,163,1,0,0,0,0,0,0,1,"0,61",18:00-18:30
2025-09-01,Afternoon,Alex,1,100005058.00.05,4000313,164,720,CLOSED,na,ok,ok,ok,ok,ok,164,0,0,0,0,0,0,0,0,0,18:00-18:30
2025-09-01,Afternoon,Alex,1,100005078.00.06,4000316,587,720,open,ok,ok,ok,nok,nok,ok,581,3,2,1,0,0,0,0,6,"1,02",18:00-18:30
2025-09-01,Afternoon,Alex,1,100005081.00.05,4000316,587,720,open,na,ok,ok,nok,nok,ok,580,4,2,1,0,0,0,0,7,"1,19",18:00-18:30
2025-09-01,Afternoon,Alex,1,100005058.00.05,4000316,587,720,open,na,ok,ok,nok,nok,ok,580,4,1,0,0,2,0,0,7,"1,19",18:00-18:30
2025-09-02,Morning,John,2,100005035.00.03,4000314,694,720,CLOSED,na,ok,ok,nok,ok,ok,691,2,0,1,0,0,0,0,3,"0,43",10:00-10:30
2025-09-02,Morning,John,2,100005039.00.04,4000314,694,720,CLOSED,na,ok,ok,ok,nok,ok,693,0,1,0,0,0,0,0,1,"0,14",10:00-10:30
2025-09-02,Morning,John,2,100005035.00.03,4000317,6,720,open,na,ok,ok,ok,ok,ok,6,0,0,0,0,0,0,0,0,0,10:00-10:30
2025-09-02,Morning,John,2,100005039.00.04,4000317,6,720,open,na,ok,ok,ok,ok,ok,6,0,0,0,0,0,0,0,0,0,10:00-10:30
2025-09-02,Afternoon,Alex,2,100005035.00.03,4000317,740,750,open,na,ok,ok,nok,nok,ok,731,5,2,0,0,2,0,0,9,"1,22",18:00-18:30
2025-09-02,Afternoon,Alex,2,100005039.00.04,4000317,740,750,open,na,ok,ok,nok,nok,ok,733,4,1,0,2,0,0,0,7,"0,95",18:00-18:30
2025-09-03,Morning,Alex,3,100005049.00.03,4000315,299,720,CLOSED,na,ok,ok,ok,nok,ok,298,0,1,0,0,0,0,0,1,"0,33",10:00-10:30
2025-09-03,Morning,Alex,3,100005051.00.04,4000315,299,720,CLOSED,na,ok,ok,nok,nok,ok,296,2,1,0,0,0,0,0,3,1,10:00-10:30
2025-09-03,Morning,Alex,3,100005049.00.03,4000318,423,720,open,na,ok,ok,nok,ok,ok,420,2,0,1,0,0,0,0,3,"0,71",10:00-10:30
2025-09-03,Morning,Alex,3,100005051.00.04,4000318,423,720,open,na,ok,ok,nok,nok,ok,414,6,2,1,0,0,0,0,9,"2,13",10:00-10:30
2025-09-03,Afternoon,John,3,100005049.00.03,4000318,749,750,open,na,ok,ok,nok,nok,ok,739,5,2,0,3,0,0,0,10,"1,34",18:00-18:30
2025-09-03,Afternoon,John,3,100005051.00.04,4000318,749,750,open,na,ok,ok,nok,nok,ok,738,6,2,3,0,0,0,0,11,"1,47",18:00-18:30
2025-09-04,Morning,Alex,1,100005078.00.06,4000316,613,720,CLOSED,ok,ok,ok,nok,nok,ok,605,5,1,0,2,0,0,0,8,"1,31",10:00-10:30
2025-09-04,Morning,Alex,1,100005081.00.05,4000316,613,720,CLOSED,na,ok,ok,nok,nok,ok,600,8,3,2,0,0,0,0,13,"2,12",10:00-10:30
2025-09-04,Morning,Alex,1,100005058.00.05,4000316,613,720,CLOSED,na,ok,ok,nok,ok,ok,610,2,0,0,1,0,0,0,3,"0,49",10:00-10:30
2025-09-04,Morning,Alex,1,100005078.00.06,4000319,124,720,open,ok,ok,ok,ok,ok,ok,124,0,0,0,0,0,0,0,0,0,10:00-10:30
2025-09-04,Morning,Alex,1,100005081.00.05,4000319,124,720,open,na,ok,ok,nok,ok,ok,123,1,0,0,0,0,0,0,1,"0,81",10:00-10:30
2025-09-04,Morning,Alex,1,100005058.00.05,4000319,124,720,open,na,ok,ok,nok,ok,ok,123,1,0,0,0,0,0,0,1,"0,81",10:00-10:30
2025-09-04,Afternoon,John,1,100005078.00.06,4000319,751,750,open,ok,ok,ok,nok,nok,ok,742,5,2,2,0,0,0,0,9,"1,2",18:00-18:30
2025-09-04,Afternoon,John,1,100005081.00.05,4000319,751,750,open,na,ok,ok,nok,nok,ok,743,5,2,0,1,0,0,0,8,"1,07",18:00-18:30
2025-09-04,Afternoon,John,1,100005058.00.05,4000319,751,750,open,na,ok,ok,nok,nok,ok,746,3,1,0,0,1,0,0,5,"0,67",18:00-18:30
2025-09-05,Morning,Alex,2,100005035.00.03,4000317,454,720,CLOSED,na,ok,ok,nok,nok,ok,449,3,1,0,1,0,0,0,5,"1,1",10:00-10:30
2025-09-05,Morning,Alex,2,100005039.00.04,4000317,454,720,CLOSED,na,ok,ok,nok,ok,ok,451,2,0,0,1,0,0,0,3,"0,66",10:00-10:30
2025-09-05,Morning,Alex,2,100005035.00.03,4000320,251,720,open,na,ok,ok,nok,ok,ok,249,1,0,1,0,0,0,0,2,"0,8",10:00-10:30
2025-09-05,Morning,Alex,2,100005039.00.04,4000320,251,720,open,na,ok,ok,nok,nok,ok,249,1,1,0,0,0,0,0,2,"0,8",10:00-10:30
2025-09-05,Afternoon,John,2,100005035.00.03,4000320,730,750,open,na,ok,ok,nok,nok,ok,722,5,2,1,0,0,0,0,8,"1,1",18:00-18:30
2025-09-05,Afternoon,John,2,100005039.00.04,4000320,730,750,open,na,ok,ok,nok,nok,ok,723,4,1,0,2,0,0,0,7,"0,96",18:00-18:30
2025-09-08,Morning,Alex,2,100005035.00.03,4000320,219,720,CLOSED,na,ok,ok,nok,ok,ok,218,1,0,0,0,0,0,0,1,"0,46",10:00-10:30
2025-09-08,Morning,Alex,2,100005039.00.04,4000320,219,720,CLOSED,na,ok,ok,nok,ok,ok,218,1,0,0,0,0,0,0,1,"0,46",10:00-10:30
2025-09-08,Morning,Alex,2,100005035.00.03,4000324,523,720,open,na,ok,ok,nok,nok,ok,516,4,2,0,1,0,0,0,7,"1,34",10:00-10:30
2025-09-08,Morning,Alex,2,100005039.00.04,4000324,523,720,open,na,ok,ok,nok,nok,ok,517,3,2,0,0,1,0,0,6,"1,15",10:00-10:30
2025-09-08,Afternoon,John,2,100005035.00.03,4000324,677,720,CLOSED,na,ok,ok,nok,nok,ok,671,4,1,0,0,1,0,0,6,"0,89",18:00-18:30
2025-09-08,Afternoon,John,2,100005039.00.04,4000324,677,720,CLOSED,na,ok,ok,nok,nok,ok,670,5,1,0,1,0,0,0,7,"1,03",18:00-18:30
2025-09-08,Afternoon,John,2,100005035.00.03,4000325,24,720,open,na,ok,ok,ok,ok,ok,24,0,0,0,0,0,0,0,0,0,18:00-18:30
2025-09-08,Afternoon,John,2,100005039.00.04,4000325,24,720,open,na,ok,ok,ok,ok,ok,24,0,0,0,0,0,0,0,0,0,18:00-18:30
2025-09-09,Morning,Alex,3,100005049.00.03,4000322,742,750,open,na,ok,ok,nok,nok,ok,734,5,2,0,0,1,0,0,8,"1,08",10:00-10:30
2025-09-09,Morning,Alex,3,100005051.00.04,4000322,742,750,open,na,ok,ok,nok,nok,ok,730,7,2,3,0,0,0,0,12,"1,62",10:00-10:30
2025-09-09,Afternoon,John,3,100005049.00.03,4000322,229,720,CLOSED,na,ok,ok,nok,ok,ok,228,1,0,0,0,0,0,0,1,"0,44",18:00-18:30
2025-09-09,Afternoon,John,3,100005051.00.04,4000322,229,720,CLOSED,na,ok,ok,ok,ok,ok,229,0,0,0,0,0,0,0,0,0,18:00-18:30
2025-09-09,Afternoon,John,3,100005049.00.03,4000326,492,720,open,na,ok,ok,nok,nok,ok,487,3,1,1,0,0,0,0,5,"1,02",18:00-18:30
2025-09-09,Afternoon,John,3,100005051.00.04,4000326,492,720,open,na,ok,ok,nok,nok,ok,487,3,1,0,0,1,0,0,5,"1,02",18:00-18:30
2025-09-10,Morning,John,1,100005078.00.06,4000323,18,720,CLOSED,ok,ok,ok,ok,ok,ok,18,0,0,0,0,0,0,0,0,0,10:00-10:30
2025-09-10,Morning,John,1,100005081.00.05,4000323,18,720,CLOSED,na,ok,ok,ok,ok,ok,18,0,0,0,0,0,0,0,0,0,10:00-10:30
2025-09-10,Morning,John,1,100005058.00.05,4000323,18,720,CLOSED,na,ok,ok,ok,ok,ok,18,0,0,0,0,0,0,0,0,0,10:00-10:30
2025-09-10,Morning,John,1,100005078.00.06,4000327,744,720,open,ok,ok,ok,nok,nok,ok,738,3,2,0,0,1,0,0,6,"0,81",10:00-10:30
2025-09-10,Morning,John,1,100005081.00.05,4000327,744,720,open,na,ok,ok,nok,ok,ok,742,1,0,1,0,0,0,0,2,"0,27",10:00-10:30
2025-09-10,Morning,John,1,100005058.00.05,4000327,744,720,open,na,ok,ok,nok,nok,ok,730,9,3,2,0,0,0,0,14,"1,88",10:00-10:30
2025-09-10,Afternoon,Alex,1,100005078.00.06,4000327,456,720,CLOSED,ok,ok,ok,nok,nok,ok,451,2,1,0,0,2,0,0,5,"1,1",18:00-18:30
2025-09-10,Afternoon,Alex,1,100005081.00.05,4000327,456,720,CLOSED,na,ok,ok,nok,nok,ok,448,4,2,2,0,0,0,0,8,"1,75",18:00-18:30
2025-09-10,Afternoon,Alex,1,100005058.00.05,4000327,456,720,CLOSED,na,ok,ok,nok,nok,ok,451,3,1,0,1,0,0,0,5,"1,1",18:00-18:30
2025-09-10,Afternoon,Alex,1,100005078.00.06,4000328,290,720,open,ok,ok,ok,ok,ok,ok,290,0,0,0,0,0,0,0,0,0,18:00-18:30
2025-09-10,Afternoon,Alex,1,100005081.00.05,4000328,290,720,open,na,ok,ok,nok,nok,ok,288,1,1,0,0,0,0,0,2,"0,69",18:00-18:30
2025-09-10,Afternoon,Alex,1,100005058.00.05,4000328,290,720,open,na,ok,ok,nok,nok,ok,287,1,1,0,0,1,0,0,3,"1,03",18:00-18:30
2025-09-11,Morning,John,2,100005035.00.03,4000325,720,750,open,na,ok,ok,nok,ok,ok,719,1,0,0,0,0,0,0,1,"0,14",10:00-10:30
2025-09-11,Morning,John,2,100005039.00.04,4000325,720,750,open,na,ok,ok,nok,nok,ok,713,4,2,1,0,0,0,0,7,"0,97",10:00-10:30
2025-09-11,Afternoon,Alex,2,100005035.00.03,4000325,456,720,CLOSED,na,ok,ok,nok,nok,ok,451,2,1,2,0,0,0,0,5,"1,1",18:00-18:30
2025-09-11,Afternoon,Alex,2,100005039.00.04,4000325,456,720,CLOSED,na,ok,ok,nok,ok,ok,455,1,0,0,0,0,0,0,1,"0,22",18:00-18:30
2025-09-11,Afternoon,Alex,2,100005035.00.03,4000329,294,720,open,na,ok,ok,ok,nok,ok,293,0,1,0,0,0,0,0,1,"0,34",18:00-18:30
2025-09-11,Afternoon,Alex,2,100005039.00.04,4000329,294,720,open,na,ok,ok,nok,ok,ok,293,1,0,0,0,0,0,0,1,"0,34",18:00-18:30
2025-09-12,Morning,John,3,100005049.00.03,4000326,702,750,open,na,ok,ok,nok,nok,ok,691,5,4,0,2,0,0,0,11,"1,57",10:00-10:30
2025-09-12,Morning,John,3,100005051.00.04,4000326,702,750,open,na,ok,ok,nok,nok,ok,694,4,3,1,0,0,0,0,8,"1,14",10:00-10:30
2025-09-12,Afternoon,Alex,3,100005049.00.03,4000326,6,720,CLOSED,na,ok,ok,ok,ok,ok,6,0,0,0,0,0,0,0,0,0,18:00-18:30
2025-09-12,Afternoon,Alex,3,100005051.00.04,4000326,6,720,CLOSED,na,ok,ok,ok,ok,ok,6,0,0,0,0,0,0,0,0,0,18:00-18:30
2025-09-12,Afternoon,Alex,3,100005049.00.03,4000330,694,720,open,na,ok,ok,nok,nok,ok,686,5,1,2,0,0,0,0,8,"1,15",18:00-18:30
2025-09-12,Afternoon,Alex,3,100005051.00.04,4000330,694,720,open,na,ok,ok,nok,nok,ok,686,5,2,1,0,0,0,0,8,"1,15",18:00-18:30
2025-09-15,Morning,John,3,100005049.00.03,4000330,506,720,CLOSED,na,ok,ok,nok,nok,ok,502,2,1,1,0,0,0,0,4,"0,79",10:00-10:30
2025-09-15,Morning,John,3,100005051.00.04,4000330,506,720,CLOSED,na,ok,ok,nok,nok,ok,500,4,1,0,1,0,0,0,6,"1,19",10:00-10:30
2025-09-15,Morning,John,3,100005049.00.03,4000333,236,720,open,na,ok,ok,nok,nok,ok,232,2,1,1,0,0,0,0,4,"1,69",10:00-10:30
2025-09-15,Morning,John,3,100005051.00.04,4000333,236,720,open,na,ok,ok,nok,nok,ok,231,2,1,2,0,0,0,0,5,"2,12",10:00-10:30
2025-09-15,Afternoon,Alex,3,100005049.00.03,4000333,728,750,open,na,ok,ok,nok,nok,ok,719,5,2,0,2,0,0,0,9,"1,24",18:00-18:30
2025-09-15,Afternoon,Alex,3,100005051.00.04,4000333,728,750,open,na,ok,ok,nok,nok,ok,722,4,1,0,0,1,0,0,6,"0,82",18:00-18:30
2025-09-16,Morning,John,1,100005078.00.06,4000331,578,720,CLOSED,ok,ok,ok,nok,nok,ok,572,3,2,1,0,0,0,0,6,"1,04",10:00-10:30
2025-09-16,Morning,John,1,100005081.00.05,4000331,578,720,CLOSED,na,ok,ok,nok,nok,ok,574,2,1,0,0,1,0,0,4,"0,69",10:00-10:30
2025-09-16,Morning,John,1,100005058.00.05,4000331,578,720,CLOSED,na,ok,ok,nok,nok,ok,568,5,3,0,0,2,0,0,10,"1,73",10:00-10:30
2025-09-16,Morning,John,1,100005078.00.06,4000334,155,720,open,ok,ok,ok,ok,nok,ok,154,0,1,0,0,0,0,0,1,"0,65",10:00-10:30
2025-09-16,Morning,John,1,100005081.00.05,4000334,155,720,open,na,ok,ok,ok,ok,ok,155,0,0,0,0,0,0,0,0,0,10:00-10:30
2025-09-16,Morning,John,1,100005058.00.05,4000334,155,720,open,na,ok,ok,nok,ok,ok,154,1,0,0,0,0,0,0,1,"0,65",10:00-10:30
2025-09-16,Afternoon,Alex,1,100005078.00.06,4000334,735,750,open,ok,ok,ok,nok,nok,ok,725,6,2,2,0,0,0,0,10,"1,36",18:00-18:30
2025-09-16,Afternoon,Alex,1,100005081.00.05,4000334,735,750,open,na,ok,ok,nok,nok,ok,723,6,3,0,3,0,0,0,12,"1,63",18:00-18:30
2025-09-16,Afternoon,Alex,1,100005058.00.05,4000334,735,750,open,na,ok,ok,nok,nok,ok,730,3,1,0,0,1,0,0,5,"0,68",18:00-18:30
2025-09-17,Morning,Alex,2,100005035.00.03,4000332,621,720,CLOSED,na,ok,ok,nok,nok,ok,606,10,2,0,0,3,0,0,15,"2,42",10:00-10:30
2025-09-17,Morning,Alex,2,100005039.00.04,4000332,621,720,CLOSED,na,ok,ok,nok,nok,ok,614,4,1,0,0,2,0,0,7,"1,13",10:00-10:30
2025-09-17,Morning,Alex,2,100005035.00.03,4000335,97,720,open,na,ok,ok,nok,nok,ok,95,1,1,0,0,0,0,0,2,"2,06",10:00-10:30
2025-09-17,Morning,Alex,2,100005039.00.04,4000335,97,720,open,na,ok,ok,nok,nok,ok,94,1,1,0,1,0,0,0,3,"3,09",10:00-10:30
2025-09-17,Afternoon,John,2,100005035.00.03,4000335,726,750,open,na,ok,ok,nok,nok,ok,717,5,2,2,0,0,0,0,9,"1,24",18:00-18:30
2025-09-17,Afternoon,John,2,100005039.00.04,4000335,726,750,open,na,ok,ok,nok,nok,ok,718,4,2,0,2,0,0,0,8,"1,1",18:00-18:30
2025-09-18,Morning,Alex,3,100005049.00.03,4000333,236,720,CLOSED,na,ok,ok,nok,ok,ok,235,1,0,0,0,0,0,0,1,"0,42",10:00-10:30
2025-09-18,Morning,Alex,3,100005051.00.04,4000333,236,720,CLOSED,na,ok,ok,nok,ok,ok,233,2,0,0,0,1,0,0,3,"1,27",10:00-10:30
2025-09-18,Morning,Alex,3,100005049.00.03,4000336,516,720,open,na,ok,ok,nok,nok,ok,513,2,1,0,0,0,0,0,3,"0,58",10:00-10:30
2025-09-18,Morning,Alex,3,100005051.00.04,4000336,516,720,open,na,ok,ok,nok,nok,ok,509,4,1,0,0,2,0,0,7,"1,36",10:00-10:30
2025-09-18,Afternoon,John,3,100005049.00.03,4000336,684,720,CLOSED,na,ok,ok,nok,nok,ok,680,2,1,1,0,0,0,0,4,"0,58",18:00-18:30
2025-09-18,Afternoon,John,3,100005051.00.04,4000336,684,720,CLOSED,na,ok,ok,nok,nok,ok,676,4,2,0,2,0,0,0,8,"1,17",18:00-18:30
2025-09-18,Afternoon,John,3,100005049.00.03,4000337,75,720,open,na,ok,ok,nok,ok,ok,74,1,0,0,0,0,0,0,1,"1,33",18:00-18:30
2025-09-18,Afternoon,John,3,100005051.00.04,4000337,75,720,open,na,ok,ok,nok,ok,ok,74,1,0,0,0,0,0,0,1,"1,33",18:00-18:30
2025-09-19,Morning,Alex,1,100005078.00.06,4000334,310,720,CLOSED,ok,ok,ok,nok,nok,ok,307,2,1,0,0,0,0,0,3,"0,97",10:00-10:30
2025-09-19,Morning,Alex,1,100005081.00.05,4000334,310,720,CLOSED,na,ok,ok,nok,ok,ok,308,1,0,0,1,0,0,0,2,"0,65",10:00-10:30
2025-09-19,Morning,Alex,1,100005058.00.05,4000334,310,720,CLOSED,na,ok,ok,nok,ok,ok,308,1,0,1,0,0,0,0,2,"0,65",10:00-10:30
2025-09-19,Morning,Alex,1,100005078.00.06,4000338,453,720,open,ok,ok,ok,nok,nok,ok,447,3,2,0,1,0,0,0,6,"1,32",10:00-10:30
2025-09-19,Morning,Alex,1,100005081.00.05,4000338,453,720,open,na,ok,ok,nok,nok,ok,447,3,1,0,0,2,0,0,6,"1,32",10:00-10:30
2025-09-19,Morning,Alex,1,100005058.00.05,4000338,453,720,open,na,ok,ok,nok,nok,ok,449,2,1,0,0,1,0,0,4,"0,88",10:00-10:30
2025-09-19,Afternoon,John,1,100005078.00.06,4000338,747,720,CLOSED,ok,ok,ok,nok,nok,ok,738,6,2,0,1,0,0,0,9,"1,2",18:00-18:30
2025-09-19,Afternoon,John,1,100005081.00.05,4000338,747,720,CLOSED,na,ok,ok,nok,nok,ok,739,5,1,2,0,0,0,0,8,"1,07",18:00-18:30
2025-09-19,Afternoon,John,1,100005058.00.05,4000338,747,720,CLOSED,na,ok,ok,nok,nok,ok,736,5,3,0,3,0,0,0,11,"1,47",18:00-18:30
2025-09-19,Afternoon,John,1,100005078.00.06,4000339,13,720,open,ok,ok,ok,ok,ok,ok,13,0,0,0,0,0,0,0,0,0,18:00-18:30
2025-09-19,Afternoon,John,1,100005081.00.05,4000339,13,720,open,na,ok,ok,ok,ok,ok,13,0,0,0,0,0,0,0,0,0,18:00-18:30
2025-09-19,Afternoon,John,1,100005058.00.05,4000339,13,720,open,na,ok,ok,ok,ok,ok,13,0,0,0,0,0,0,0,0,0,18:00-18:30
2025-09-22,Morning,Alex,1,100005078.00.06,4000339,769,750,open,ok,ok,ok,nok,nok,ok,764,3,1,0,0,1,0,0,5,"0,65",10:00-10:30
2025-09-22,Morning,Alex,1,100005081.00.05,4000339,769,750,open,na,ok,ok,nok,nok,ok,763,3,1,0,2,0,0,0,6,"0,78",10:00-10:30
2025-09-22,Morning,Alex,1,100005058.00.05,4000339,769,750,open,na,ok,ok,nok,nok,ok,764,3,1,0,0,1,0,0,5,"0,65",10:00-10:30
2025-09-22,Afternoon,John,1,100005078.00.06,4000339,418,720,CLOSED,ok,ok,ok,nok,nok,ok,414,2,1,0,1,0,0,0,4,"0,96",18:00-18:30
2025-09-22,Afternoon,John,1,100005081.00.05,4000339,418,720,CLOSED,na,ok,ok,nok,ok,ok,415,2,0,0,1,0,0,0,3,"0,72",18:00-18:30
2025-09-22,Afternoon,John,1,100005058.00.05,4000339,418,720,CLOSED,na,ok,ok,nok,nok,ok,416,1,1,0,0,0,0,0,2,"0,48",18:00-18:30
2025-09-22,Afternoon,John,1,100005078.00.06,4000342,341,720,open,ok,ok,ok,nok,nok,ok,336,3,1,0,1,0,0,0,5,"1,47",18:00-18:30
2025-09-22,Afternoon,John,1,100005081.00.05,4000342,341,720,open,na,ok,ok,nok,ok,ok,340,1,0,0,0,0,0,0,1,"0,29",18:00-18:30
2025-09-22,Afternoon,John,1,100005058.00.05,4000342,341,720,open,na,ok,ok,nok,nok,ok,334,4,1,0,2,0,0,0,7,"2,05",18:00-18:30
2025-09-23,Morning,Alex,2,100005035.00.03,4000340,99,720,CLOSED,na,ok,ok,nok,ok,ok,98,1,0,0,0,0,0,0,1,"1,01",10:00-10:30
2025-09-23,Morning,Alex,2,100005039.00.04,4000340,99,720,CLOSED,na,ok,ok,ok,ok,ok,99,0,0,0,0,0,0,0,0,0,10:00-10:30
2025-09-23,Morning,Alex,2,100005035.00.03,4000343,660,720,open,na,ok,ok,nok,nok,ok,651,6,2,0,0,1,0,0,9,"1,36",10:00-10:30
2025-09-23,Morning,Alex,2,100005039.00.04,4000343,660,720,open,na,ok,ok,nok,nok,ok,655,3,1,0,0,1,0,0,5,"0,76",10:00-10:30
2025-09-23,Afternoon,John,2,100005035.00.03,4000343,540,720,CLOSED,na,ok,ok,ok,nok,ok,539,0,1,0,0,0,0,0,1,"0,19",18:00-18:30
2025-09-23,Afternoon,John,2,100005039.00.04,4000343,540,720,CLOSED,na,ok,ok,nok,nok,ok,534,3,1,2,0,0,0,0,6,"1,11",18:00-18:30
2025-09-23,Afternoon,John,2,100005035.00.03,4000344,165,720,open,na,ok,ok,nok,nok,ok,163,1,1,0,0,0,0,0,2,"1,21",18:00-18:30
2025-09-23,Afternoon,John,2,100005039.00.04,4000344,165,720,open,na,ok,ok,nok,nok,ok,163,1,1,0,0,0,0,0,2,"1,21",18:00-18:30
2025-09-24,Morning,John,3,100005049.00.03,4000341,743,750,open,na,ok,ok,nok,nok,ok,730,8,3,0,0,2,0,0,13,"1,75",10:00-10:30
2025-09-24,Morning,John,3,100005051.00.04,4000341,743,750,open,na,ok,ok,nok,nok,ok,735,5,2,0,1,0,0,0,8,"1,08",10:00-10:30
2025-09-24,Afternoon,Alex,3,100005049.00.03,4000341,169,720,CLOSED,na,ok,ok,ok,ok,ok,169,0,0,0,0,0,0,0,0,0,18:00-18:30
2025-09-24,Afternoon,Alex,3,100005051.00.04,4000341,169,720,CLOSED,na,ok,ok,nok,ok,ok,167,1,0,0,0,1,0,0,2,"1,18",18:00-18:30
2025-09-24,Afternoon,Alex,3,100005049.00.03,4000345,587,720,open,na,ok,ok,nok,nok,ok,583,2,1,0,0,1,0,0,4,"0,68",18:00-18:30
2025-09-24,Afternoon,Alex,3,100005051.00.04,4000345,587,720,open,na,ok,ok,nok,nok,ok,581,3,2,1,0,0,0,0,6,"1,02",18:00-18:30
2025-09-25,Morning,John,1,100005078.00.06,4000342,732,750,open,ok,ok,ok,nok,nok,ok,722,5,3,0,2,0,0,0,10,"1,37",10:00-10:30
2025-09-25,Morning,John,1,100005081.00.05,4000342,732,750,open,na,ok,ok,nok,nok,ok,728,2,1,0,1,0,0,0,4,"0,55",10:00-10:30
2025-09-25,Morning,John,1,100005058.00.05,4000342,732,750,open,na,ok,ok,nok,nok,ok,725,3,2,0,0,2,0,0,7,"0,96",10:00-10:30
2025-09-25,Afternoon,Alex,1,100005078.00.06,4000342,127,720,CLOSED,ok,ok,ok,nok,ok,ok,126,1,0,0,0,0,0,0,1,"0,79",18:00-18:30
2025-09-25,Afternoon,Alex,1,100005081.00.05,4000342,127,720,CLOSED,na,ok,ok,ok,nok,ok,126,0,1,0,0,0,0,0,1,"0,79",18:00-18:30
2025-09-25,Afternoon,Alex,1,100005058.00.05,4000342,127,720,CLOSED,na,ok,ok,ok,ok,ok,127,0,0,0,0,0,0,0,0,0,18:00-18:30
2025-09-25,Afternoon,Alex,1,100005078.00.06,4000346,627,720,open,ok,ok,ok,nok,nok,ok,621,3,1,0,2,0,0,0,6,"0,96",18:00-18:30
2025-09-25,Afternoon,Alex,1,100005081.00.05,4000346,627,720,open,na,ok,ok,nok,nok,ok,622,3,1,0,0,1,0,0,5,"0,8",18:00-18:30
2025-09-25,Afternoon,Alex,1,100005058.00.05,4000346,627,720,open,na,ok,ok,nok,nok,ok,622,3,1,1,0,0,0,0,5,"0,8",18:00-18:30
2025-09-26,Morning,John,2,100005035.00.03,4000344,723,750,open,na,ok,ok,nok,nok,ok,716,3,2,2,0,0,0,0,7,"0,97",10:00-10:30
2025-09-26,Morning,John,2,100005039.00.04,4000344,723,750,open,na,ok,ok,nok,nok,ok,709,8,4,2,0,0,0,0,14,"1,94",10:00-10:30
2025-09-26,Afternoon,Alex,2,100005035.00.03,4000344,312,720,CLOSED,na,ok,ok,nok,nok,ok,305,4,1,2,0,0,0,0,7,"2,24",18:00-18:30
2025-09-26,Afternoon,Alex,2,100005039.00.04,4000344,312,720,CLOSED,na,ok,ok,nok,ok,ok,309,2,0,0,0,1,0,0,3,"0,96",18:00-18:30
2025-09-26,Afternoon,Alex,2,100005035.00.03,4000347,435,720,open,na,ok,ok,nok,nok,ok,430,2,1,0,2,0,0,0,5,"1,15",18:00-18:30
2025-09-26,Afternoon,Alex,2,100005039.00.04,4000347,435,720,open,na,ok,ok,nok,nok,ok,430,2,1,2,0,0,0,0,5,"1,15",18:00-18:30
2025-09-29,Morning,John,2,100005035.00.03,4000347,720,750,open,na,ok,ok,nok,nok,ok,715,3,1,0,1,0,0,0,5,"0,69",10:00-10:30
2025-09-29,Morning,John,2,100005039.00.04,4000347,720,750,open,na,ok,ok,nok,nok,ok,716,2,1,0,0,1,0,0,4,"0,56",10:00-10:30
2025-09-29,Afternoon,Alex,2,100005035.00.03,4000347,45,720,CLOSED,na,ok,ok,ok,ok,ok,45,0,0,0,0,0,0,0,0,0,18:00-18:30
2025-09-29,Afternoon,Alex,2,100005039.00.04,4000347,45,720,CLOSED,na,ok,ok,ok,ok,ok,45,0,0,0,0,0,0,0,0,0,18:00-18:30
2025-09-29,Afternoon,Alex,2,100005035.00.03,4000350,697,720,open,na,ok,ok,nok,nok,ok,690,4,1,0,0,2,0,0,7,1,18:00-18:30
2025-09-29,Afternoon,Alex,2,100005039.00.04,4000350,697,720,open,na,ok,ok,nok,nok,ok,681,10,2,0,0,4,0,0,16,"2,3",18:00-18:30
2025-09-30,Morning,John,3,100005049.00.03,4000348,393,720,CLOSED,na,ok,ok,nok,nok,ok,388,2,2,1,0,0,0,0,5,"1,27",10:00-10:30
2025-09-30,Morning,John,3,100005051.00.04,4000348,393,720,CLOSED,na,ok,ok,nok,nok,ok,390,1,1,0,0,1,0,0,3,"0,76",10:00-10:30
2025-09-30,Morning,John,3,100005049.00.03,4000351,323,720,open,na,ok,ok,nok,nok,ok,317,3,1,0,0,2,0,0,6,"1,86",10:00-10:30
2025-09-30,Morning,John,3,100005051.00.04,4000351,323,720,open,na,ok,ok,nok,nok,ok,319,2,1,0,0,1,0,0,4,"1,24",10:00-10:30
2025-09-30,Afternoon,Alex,3,100005049.00.03,4000351,736,750,open,na,ok,ok,nok,nok,ok,729,3,2,0,0,2,0,0,7,"0,95",18:00-18:30
2025-09-30,Afternoon,Alex,3,100005051.00.04,4000351,736,750,open,na,ok,ok,nok,nok,ok,732,2,1,0,1,0,0,0,4,"0,54",18:00-18:30
2025-10-01,Morning,Alex,1,100005078.00.06,4000349,280,720,CLOSED,ok,ok,ok,nok,nok,ok,276,2,1,1,0,0,0,0,4,"1,43",10:00-10:30
2025-10-01,Morning,Alex,1,100005081.00.05,4000349,280,720,CLOSED,na,ok,ok,nok,ok,ok,278,1,0,0,1,0,0,0,2,"0,71",10:00-10:30
2025-10-01,Morning,Alex,1,100005058.00.05,4000349,280,720,CLOSED,na,ok,ok,nok,ok,ok,277,2,0,0,1,0,0,0,3,"1,07",10:00-10:30
2025-10-01,Morning,Alex,1,100005078.00.06,4000352,453,720,open,ok,ok,ok,nok,ok,ok,451,1,0,0,0,1,0,0,2,"0,44",10:00-10:30
2025-10-01,Morning,Alex,1,100005081.00.05,4000352,453,720,open,na,ok,ok,nok,nok,ok,447,3,2,1,0,0,0,0,6,"1,32",10:00-10:30
2025-10-01,Morning,Alex,1,100005058.00.05,4000352,453,720,open,na,ok,ok,nok,nok,ok,448,3,1,1,0,0,0,0,5,"1,1",10:00-10:30
2025-10-01,Afternoon,John,1,100005078.00.06,4000352,747,720,CLOSED,ok,ok,ok,nok,nok,ok,742,3,1,0,0,1,0,0,5,"0,67",18:00-18:30
2025-10-01,Afternoon,John,1,100005081.00.05,4000352,747,720,CLOSED,na,ok,ok,nok,nok,ok,740,4,1,2,0,0,0,0,7,"0,94",18:00-18:30
2025-10-01,Afternoon,John,1,100005058.00.05,4000352,747,720,CLOSED,na,ok,ok,nok,nok,ok,740,3,2,2,0,0,0,0,7,"0,94",18:00-18:30
2025-10-01,Afternoon,John,1,100005078.00.06,4000353,16,720,open,ok,ok,ok,ok,ok,ok,16,0,0,0,0,0,0,0,0,0,18:00-18:30
2025-10-01,Afternoon,John,1,100005081.00.05,4000353,16,720,open,na,ok,ok,ok,ok,ok,16,0,0,0,0,0,0,0,0,0,18:00-18:30
2025-10-01,Afternoon,John,1,100005058.00.05,4000353,16,720,open,na,ok,ok,ok,ok,ok,16,0,0,0,0,0,0,0,0,0,18:00-18:30
2025-10-02,Morning,Alex,2,100005035.00.03,4000350,503,720,CLOSED,na,ok,ok,nok,ok,ok,502,1,0,0,0,0,0,0,1,"0,2",10:00-10:30
2025-10-02,Morning,Alex,2,100005039.00.04,4000350,503,720,CLOSED,na,ok,ok,nok,nok,ok,497,4,1,0,1,0,0,0,6,"1,19",10:00-10:30
2025-10-02,Morning,Alex,2,100005035.00.03,4000354,233,720,open,na,ok,ok,nok,ok,ok,230,2,0,0,1,0,0,0,3,"1,29",10:00-10:30
2025-10-02,Morning,Alex,2,100005039.00.04,4000354,233,720,open,na,ok,ok,ok,ok,ok,233,0,0,0,0,0,0,0,0,0,10:00-10:30
2025-10-02,Afternoon,John,2,100005035.00.03,4000354,729,750,open,na,ok,ok,nok,nok,ok,721,5,2,0,0,1,0,0,8,"1,1",18:00-18:30
2025-10-02,Afternoon,John,2,100005039.00.04,4000354,729,750,open,na,ok,ok,nok,nok,ok,722,4,1,0,0,2,0,0,7,"0,96",18:00-18:30
2025-10-03,Morning,Alex,3,100005049.00.03,4000351,141,720,CLOSED,na,ok,ok,ok,ok,ok,141,0,0,0,0,0,0,0,0,0,10:00-10:30
2025-10-03,Morning,Alex,3,100005051.00.04,4000351,141,720,CLOSED,na,ok,ok,nok,nok,ok,138,2,1,0,0,0,0,0,3,"2,13",10:00-10:30
2025-10-03,Morning,Alex,3,100005049.00.03,4000356,587,720,open,na,ok,ok,nok,nok,ok,581,3,1,0,2,0,0,0,6,"1,02",10:00-10:30
2025-10-03,Morning,Alex,3,100005051.00.04,4000356,587,720,open,na,ok,ok,nok,nok,ok,583,2,1,0,1,0,0,0,4,"0,68",10:00-10:30
2025-10-03,Afternoon,John,3,100005049.00.03,4000356,613,720,CLOSED,na,ok,ok,nok,nok,ok,607,3,2,0,1,0,0,0,6,"0,98",18:00-18:30
2025-10-03,Afternoon,John,3,100005051.00.04,4000356,613,720,CLOSED,na,ok,ok,nok,nok,ok,610,1,1,1,0,0,0,0,3,"0,49",18:00-18:30
2025-10-03,Afternoon,John,3,100005049.00.03,4000357,105,720,open,na,ok,ok,nok,ok,ok,104,1,0,0,0,0,0,0,1,"0,95",18:00-18:30
2025-10-03,Afternoon,John,3,100005051.00.04,4000357,105,720,open,na,ok,ok,nok,ok,ok,103,1,0,0,0,1,0,0,2,"1,9",18:00-18:30
2025-10-06,Morning,Alex,3,100005049.00.03,4000357,725,750,open,na,ok,ok,nok,nok,ok,719,3,1,2,0,0,0,0,6,"0,83",10:00-10:30
2025-10-06,Morning,Alex,3,100005051.00.04,4000357,725,750,open,na,ok,ok,nok,nok,ok,715,6,2,0,0,2,0,0,10,"1,38",10:00-10:30
2025-10-06,Afternoon,John,3,100005049.00.03,4000357,370,720,CLOSED,na,ok,ok,nok,nok,ok,364,3,2,0,0,1,0,0,6,"1,62",18:00-18:30
2025-10-06,Afternoon,John,3,100005051.00.04,4000357,370,720,CLOSED,na,ok,ok,nok,nok,ok,364,3,1,0,2,0,0,0,6,"1,62",18:00-18:30
2025-10-06,Afternoon,John,3,100005049.00.03,4000361,350,720,open,na,ok,ok,nok,ok,ok,348,1,0,1,0,0,0,0,2,"0,57",18:00-18:30
2025-10-06,Afternoon,John,3,100005051.00.04,4000361,350,720,open,na,ok,ok,nok,ok,ok,347,2,0,0,1,0,0,0,3,"0,86",18:00-18:30
2025-10-07,Morning,Alex,1,100005078.00.06,4000358,733,750,open,ok,ok,ok,nok,nok,ok,725,5,2,1,0,0,0,0,8,"1,09",10:00-10:30
2025-10-07,Morning,Alex,1,100005081.00.05,4000358,733,750,open,na,ok,ok,nok,nok,ok,726,4,1,0,2,0,0,0,7,"0,95",10:00-10:30
2025-10-07,Morning,Alex,1,100005058.00.05,4000358,733,750,open,na,ok,ok,nok,nok,ok,727,3,2,1,0,0,0,0,6,"0,82",10:00-10:30
2025-10-07,Afternoon,John,1,100005078.00.06,4000358,121,720,CLOSED,ok,ok,ok,nok,ok,ok,120,1,0,0,0,0,0,0,1,"0,83",18:00-18:30
2025-10-07,Afternoon,John,1,100005081.00.05,4000358,121,720,CLOSED,na,ok,ok,nok,nok,ok,118,2,1,0,0,0,0,0,3,"2,48",18:00-18:30
2025-10-07,Afternoon,John,1,100005058.00.05,4000358,121,720,CLOSED,na,ok,ok,nok,ok,ok,120,1,0,0,0,0,0,0,1,"0,83",18:00-18:30
2025-10-07,Afternoon,John,1,100005078.00.06,4000363,637,720,open,ok,ok,ok,nok,nok,ok,627,5,2,3,0,0,0,0,10,"1,57",18:00-18:30
2025-10-07,Afternoon,John,1,100005081.00.05,4000363,637,720,open,na,ok,ok,nok,nok,ok,631,4,1,0,1,0,0,0,6,"0,94",18:00-18:30
2025-10-07,Afternoon,John,1,100005058.00.05,4000363,637,720,open,na,ok,ok,nok,nok,ok,632,3,1,0,1,0,0,0,5,"0,78",18:00-18:30
2025-10-08,Morning,John,2,100005035.00.03,4000360,715,750,open,na,ok,ok,nok,nok,ok,707,4,2,0,2,0,0,0,8,"1,12",10:00-10:30
2025-10-08,Morning,John,2,100005039.00.04,4000360,715,750,open,na,ok,ok,nok,nok,ok,711,2,1,1,0,0,0,0,4,"0,56",10:00-10:30
2025-10-08,Afternoon,Alex,2,100005035.00.03,4000360,472,720,CLOSED,na,ok,ok,nok,nok,ok,466,3,1,2,0,0,0,0,6,"1,27",18:00-18:30
2025-10-08,Afternoon,Alex,2,100005039.00.04,4000360,472,720,CLOSED,na,ok,ok,nok,nok,ok,464,5,1,2,0,0,0,0,8,"1,69",18:00-18:30
2025-10-08,Afternoon,Alex,2,100005035.00.03,4000364,240,720,open,na,ok,ok,nok,nok,ok,235,3,1,0,0,1,0,0,5,"2,08",18:00-18:30
2025-10-08,Afternoon,Alex,2,100005039.00.04,4000364,240,720,open,na,ok,ok,ok,ok,ok,240,0,0,0,0,0,0,0,0,0,18:00-18:30
2025-10-09,Morning,John,3,100005049.00.03,4000361,719,750,open,na,ok,ok,nok,nok,ok,711,5,1,2,0,0,0,0,8,"1,11",10:00-10:30
2025-10-09,Morning,John,3,100005051.00.04,4000361,719,750,open,na,ok,ok,nok,nok,ok,707,6,2,0,4,0,0,0,12,"1,67",10:00-10:30
2025-10-09,Afternoon,Alex,3,100005049.00.03,4000361,131,720,CLOSED,na,ok,ok,nok,ok,ok,129,1,0,0,1,0,0,0,2,"1,53",18:00-18:30
2025-10-09,Afternoon,Alex,3,100005051.00.04,4000361,131,720,CLOSED,na,ok,ok,nok,ok,ok,130,1,0,0,0,0,0,0,1,"0,76",18:00-18:30
2025-10-09,Afternoon,Alex,3,100005049.00.03,4000365,580,720,open,na,ok,ok,nok,nok,ok,574,3,2,1,0,0,0,0,6,"1,03",18:00-18:30
2025-10-09,Afternoon,Alex,3,100005051.00.04,4000365,580,720,open,na,ok,ok,nok,nok,ok,573,4,2,0,0,1,0,0,7,"1,21",18:00-18:30
2025-10-10,Morning,John,1,100005078.00.06,4000363,563,720,CLOSED,ok,ok,ok,nok,ok,ok,560,2,0,0,0,1,0,0,3,"0,53",10:00-10:30
2025-10-10,Morning,John,1,100005081.00.05,4000363,563,720,CLOSED,na,ok,ok,nok,nok,ok,556,4,1,2,0,0,0,0,7,"1,24",10:00-10:30
2025-10-10,Morning,John,1,100005058.00.05,4000363,563,720,CLOSED,na,ok,ok,nok,nok,ok,558,3,1,1,0,0,0,0,5,"0,89",10:00-10:30
2025-10-10,Morning,John,1,100005078.00.06,4000366,192,720,open,ok,ok,ok,nok,ok,ok,191,1,0,0,0,0,0,0,1,"0,52",10:00-10:30
2025-10-10,Morning,John,1,100005081.00.05,4000366,192,720,open,na,ok,ok,nok,nok,ok,190,1,1,0,0,0,0,0,2,"1,04",10:00-10:30
2025-10-10,Morning,John,1,100005058.00.05,4000366,192,720,open,na,ok,ok,nok,nok,ok,189,1,1,1,0,0,0,0,3,"1,56",10:00-10:30
2025-10-10,Afternoon,Alex,1,100005078.00.06,4000366,735,750,open,ok,ok,ok,nok,nok,ok,728,4,2,1,0,0,0,0,7,"0,95",18:00-18:30
2025-10-10,Afternoon,Alex,1,100005081.00.05,4000366,735,750,open,na,ok,ok,nok,nok,ok,726,4,3,2,0,0,0,0,9,"1,22",18:00-18:30
2025-10-10,Afternoon,Alex,1,100005058.00.05,4000366,735,750,open,na,ok,ok,nok,nok,ok,729,3,2,0,0,1,0,0,6,"0,82",18:00-18:30
2025-10-13,Morning,John,1,100005078.00.06,4000366,273,720,CLOSED,ok,ok,ok,nok,ok,ok,270,2,0,1,0,0,0,0,3,"1,1",10:00-10:30
2025-10-13,Morning,John,1,100005081.00.05,4000366,273,720,CLOSED,na,ok,ok,nok,ok,ok,271,1,0,1,0,0,0,0,2,"0,73",10:00-10:30
2025-10-13,Morning,John,1,100005058.00.05,4000366,273,720,CLOSED,na,ok,ok,nok,ok,ok,272,1,0,0,0,0,0,0,1,"0,37",10:00-10:30
2025-10-13,Morning,John,1,100005078.00.06,4000369,489,720,open,ok,ok,ok,nok,nok,ok,484,2,2,1,0,0,0,0,5,"1,02",10:00-10:30
2025-10-13,Morning,John,1,100005081.00.05,4000369,489,720,open,na,ok,ok,nok,nok,ok,482,4,1,2,0,0,0,0,7,"1,43",10:00-10:30
2025-10-13,Morning,John,1,100005058.00.05,4000369,489,720,open,na,ok,ok,nok,nok,ok,483,4,1,1,0,0,0,0,6,"1,23",10:00-10:30
2025-10-13,Afternoon,Alex,1,100005078.00.06,4000369,711,720,CLOSED,ok,ok,ok,nok,nok,ok,702,5,2,0,2,0,0,0,9,"1,27",18:00-18:30
2025-10-13,Afternoon,Alex,1,100005081.00.05,4000369,711,720,CLOSED,na,ok,ok,nok,nok,ok,703,4,1,0,0,3,0,0,8,"1,13",18:00-18:30
2025-10-13,Afternoon,Alex,1,100005058.00.05,4000369,711,720,CLOSED,na,ok,ok,nok,nok,ok,702,4,3,0,2,0,0,0,9,"1,27",18:00-18:30
2025-10-13,Afternoon,Alex,1,100005078.00.06,4000370,44,720,open,ok,ok,ok,ok,ok,ok,44,0,0,0,0,0,0,0,0,0,18:00-18:30
2025-10-13,Afternoon,Alex,1,100005081.00.05,4000370,44,720,open,na,ok,ok,nok,ok,ok,42,1,0,0,0,1,0,0,2,"4,55",18:00-18:30
2025-10-13,Afternoon,Alex,1,100005058.00.05,4000370,44,720,open,na,ok,ok,nok,nok,ok,41,2,1,0,0,0,0,0,3,"6,82",18:00-18:30
2025-10-14,Morning,John,2,100005035.00.03,4000367,710,720,CLOSED,na,ok,ok,nok,nok,ok,702,4,2,2,0,0,0,0,8,"1,13",10:00-10:30
2025-10-14,Morning,John,2,100005039.00.04,4000367,710,720,CLOSED,na,ok,ok,nok,nok,ok,704,3,2,0,0,1,0,0,6,"0,85",10:00-10:30
2025-10-14,Morning,John,2,100005035.00.03,4000371,5,720,open,na,ok,ok,ok,ok,ok,5,0,0,0,0,0,0,0,0,0,10:00-10:30
2025-10-14,Morning,John,2,100005039.00.04,4000371,5,720,open,na,ok,ok,ok,ok,ok,5,0,0,0,0,0,0,0,0,0,10:00-10:30
2025-10-14,Afternoon,Alex,2,100005035.00.03,4000371,701,750,open,na,ok,ok,nok,nok,ok,695,3,2,1,0,0,0,0,6,"0,86",18:00-18:30
2025-10-14,Afternoon,Alex,2,100005039.00.04,4000371,701,750,open,na,ok,ok,ok,ok,ok,700,0,0,1,0,0,0,0,1,"0,14",18:00-18:30
2025-10-15,Morning,Alex,3,100005049.00.03,4000368,334,720,CLOSED,na,ok,ok,nok,nok,ok,331,2,1,0,0,0,0,0,3,"0,9",10:00-10:30
2025-10-15,Morning,Alex,3,100005051.00.04,4000368,334,720,CLOSED,na,ok,ok,nok,nok,ok,331,1,1,1,0,0,0,0,3,"0,9",10:00-10:30
2025-10-15,Morning,Alex,3,100005049.00.03,4000372,414,720,open,na,ok,ok,nok,nok,ok,412,1,1,0,0,0,0,0,2,"0,48",10:00-10:30
2025-10-15,Morning,Alex,3,100005051.00.04,4000372,414,720,open,na,ok,ok,nok,ok,ok,411,2,0,0,0,1,0,0,3,"0,72",10:00-10:30
2025-10-15,Afternoon,John,3,100005049.00.03,4000372,706,750,open,na,ok,ok,nok,nok,ok,699,5,1,0,0,1,0,0,7,"0,99",18:00-18:30
2025-10-15,Afternoon,John,3,100005051.00.04,4000372,706,750,open,na,ok,ok,nok,nok,ok,700,4,1,0,0,1,0,0,6,"0,85",18:00-18:30
2025-10-16,Morning,Alex,1,100005078.00.06,4000370,733,750,open,ok,ok,ok,nok,nok,ok,730,2,1,0,0,0,0,0,3,"0,41",10:00-10:30
2025-10-16,Morning,Alex,1,100005081.00.05,4000370,733,750,open,na,ok,ok,nok,nok,ok,728,3,1,0,0,1,0,0,5,"0,68",10:00-10:30
2025-10-16,Morning,Alex,1,100005058.00.05,4000370,733,750,open,na,ok,ok,nok,nok,ok,725,5,2,0,1,0,0,0,8,"1,09",10:00-10:30
2025-10-16,Afternoon,John,1,100005078.00.06,4000370,423,720,CLOSED,ok,ok,ok,nok,nok,ok,418,3,1,1,0,0,0,0,5,"1,18",18:00-18:30
2025-10-16,Afternoon,John,1,100005081.00.05,4000370,423,720,CLOSED,na,ok,ok,nok,nok,ok,419,2,1,0,0,1,0,0,4,"0,95",18:00-18:30
2025-10-16,Afternoon,John,1,100005058.00.05,4000370,423,720,CLOSED,na,ok,ok,nok,nok,ok,416,5,1,0,1,0,0,0,7,"1,65",18:00-18:30
2025-10-16,Afternoon,John,1,100005078.00.06,4000373,333,720,open,ok,ok,ok,nok,ok,ok,330,2,0,0,0,1,0,0,3,"0,9",18:00-18:30
2025-10-16,Afternoon,John,1,100005081.00.05,4000373,333,720,open,na,ok,ok,nok,nok,ok,331,1,1,0,0,0,0,0,2,"0,6",18:00-18:30
2025-10-16,Afternoon,John,1,100005058.00.05,4000373,333,720,open,na,ok,ok,nok,nok,ok,327,4,1,0,1,0,0,0,6,"1,8",18:00-18:30
2025-10-17,Morning,Alex,2,100005035.00.03,4000371,494,720,CLOSED,na,ok,ok,nok,nok,ok,488,3,2,0,0,1,0,0,6,"1,21",10:00-10:30
2025-10-17,Morning,Alex,2,100005039.00.04,4000371,494,720,CLOSED,na,ok,ok,nok,nok,ok,489,3,1,1,0,0,0,0,5,"1,01",10:00-10:30
2025-10-17,Morning,Alex,2,100005035.00.03,4000374,207,720,open,na,ok,ok,nok,ok,ok,205,1,0,0,0,1,0,0,2,"0,97",10:00-10:30
2025-10-17,Morning,Alex,2,100005039.00.04,4000374,207,720,open,na,ok,ok,nok,ok,ok,206,1,0,0,0,0,0,0,1,"0,48",10:00-10:30
2025-10-17,Afternoon,John,2,100005035.00.03,4000374,751,750,open,na,ok,ok,nok,nok,ok,742,6,2,0,1,0,0,0,9,"1,2",18:00-18:30
2025-10-17,Afternoon,John,2,100005039.00.04,4000374,751,750,open,na,ok,ok,nok,nok,ok,743,4,2,0,2,0,0,0,8,"1,07",18:00-18:30
2025-10-20,Morning,Alex,2,100005035.00.03,4000374,242,720,CLOSED,na,ok,ok,nok,ok,ok,240,1,0,0,1,0,0,0,2,"0,83",10:00-10:30
2025-10-20,Morning,Alex,2,100005039.00.04,4000374,242,720,CLOSED,na,ok,ok,nok,ok,ok,241,1,0,0,0,0,0,0,1,"0,41",10:00-10:30
2025-10-20,Morning,Alex,2,100005035.00.03,4000378,458,720,open,na,ok,ok,nok,ok,ok,455,2,0,1,0,0,0,0,3,"0,66",10:00-10:30
2025-10-20,Morning,Alex,2,100005039.00.04,4000378,458,720,open,na,ok,ok,nok,ok,ok,456,1,0,0,1,0,0,0,2,"0,44",10:00-10:30
2025-10-20,Afternoon,John,2,100005035.00.03,4000378,742,720,CLOSED,na,ok,ok,nok,nok,ok,733,6,2,0,1,0,0,0,9,"1,21",18:00-18:30
2025-10-20,Afternoon,John,2,100005039.00.04,4000378,742,720,CLOSED,na,ok,ok,nok,nok,ok,732,5,2,0,0,3,0,0,10,"1,35",18:00-18:30
2025-10-20,Afternoon,John,2,100005035.00.03,4000379,4,720,open,na,ok,ok,ok,ok,ok,4,0,0,0,0,0,0,0,0,0,18:00-18:30
2025-10-20,Afternoon,John,2,100005039.00.04,4000379,4,720,open,na,ok,ok,ok,ok,ok,4,0,0,0,0,0,0,0,0,0,18:00-18:30
2025-10-21,Morning,Alex,3,100005049.00.03,4000376,724,750,open,na,ok,ok,nok,nok,ok,718,3,2,0,0,1,0,0,6,"0,83",10:00-10:30
2025-10-21,Morning,Alex,3,100005051.00.04,4000376,724,750,open,na,ok,ok,nok,nok,ok,718,3,1,0,2,0,0,0,6,"0,83",10:00-10:30
2025-10-21,Afternoon,John,3,100005049.00.03,4000376,307,720,CLOSED,na,ok,ok,nok,ok,ok,306,1,0,0,0,0,0,0,1,"0,33",18:00-18:30
2025-10-21,Afternoon,John,3,100005051.00.04,4000376,307,720,CLOSED,na,ok,ok,nok,nok,ok,303,2,1,0,0,1,0,0,4,"1,3",18:00-18:30
2025-10-21,Afternoon,John,3,100005049.00.03,4000380,415,720,open,na,ok,ok,nok,nok,ok,413,1,1,0,0,0,0,0,2,"0,48",18:00-18:30
2025-10-21,Afternoon,John,3,100005051.00.04,4000380,415,720,open,na,ok,ok,nok,nok,ok,411,2,1,0,0,1,0,0,4,"0,96",18:00-18:30
2025-10-22,Morning,John,1,100005078.00.06,4000377,586,720,CLOSED,ok,ok,ok,nok,nok,ok,580,3,1,2,0,0,0,0,6,"1,02",10:00-10:30
2025-10-22,Morning,John,1,100005081.00.05,4000377,586,720,CLOSED,na,ok,ok,nok,nok,ok,579,4,2,0,0,1,0,0,7,"1,19",10:00-10:30
2025-10-22,Morning,John,1,100005058.00.05,4000377,586,720,CLOSED,na,ok,ok,nok,nok,ok,579,4,1,0,0,2,0,0,7,"1,19",10:00-10:30
2025-10-22,Morning,John,1,100005078.00.06,4000381,161,720,open,ok,ok,ok,nok,ok,ok,160,1,0,0,0,0,0,0,1,"0,62",10:00-10:30
2025-10-22,Morning,John,1,100005081.00.05,4000381,161,720,open,na,ok,ok,ok,ok,ok,161,0,0,0,0,0,0,0,0,0,10:00-10:30
2025-10-22,Morning,John,1,100005058.00.05,4000381,161,720,open,na,ok,ok,nok,ok,ok,159,1,0,0,0,1,0,0,2,"1,24",10:00-10:30
2025-10-22,Afternoon,Alex,1,100005078.00.06,4000381,737,750,open,ok,ok,ok,nok,nok,ok,726,6,2,3,0,0,0,0,11,"1,49",18:00-18:30
2025-10-22,Afternoon,Alex,1,100005081.00.05,4000381,737,750,open,na,ok,ok,nok,nok,ok,732,3,1,1,0,0,0,0,5,"0,68",18:00-18:30
2025-10-22,Afternoon,Alex,1,100005058.00.05,4000381,737,750,open,na,ok,ok,nok,nok,ok,733,2,1,0,0,1,0,0,4,"0,54",18:00-18:30
2025-10-23,Morning,John,2,100005035.00.03,4000379,744,750,open,na,ok,ok,nok,nok,ok,731,7,2,4,0,0,0,0,13,"1,75",10:00-10:30
2025-10-23,Morning,John,2,100005039.00.04,4000379,744,750,open,na,ok,ok,nok,nok,ok,738,3,1,0,2,0,0,0,6,"0,81",10:00-10:30
2025-10-23,Afternoon,Alex,2,100005035.00.03,4000379,452,720,CLOSED,na,ok,ok,nok,nok,ok,444,4,2,0,2,0,0,0,8,"1,77",18:00-18:30
2025-10-23,Afternoon,Alex,2,100005039.00.04,4000379,452,720,CLOSED,na,ok,ok,nok,nok,ok,443,5,2,0,0,2,0,0,9,"1,99",18:00-18:30
2025-10-23,Afternoon,Alex,2,100005035.00.03,4000382,282,720,open,na,ok,ok,nok,ok,ok,280,1,0,0,1,0,0,0,2,"0,71",18:00-18:30
2025-10-23,Afternoon,Alex,2,100005039.00.04,4000382,282,720,open,na,ok,ok,nok,nok,ok,280,1,1,0,0,0,0,0,2,"0,71",18:00-18:30
2025-10-24,Morning,John,3,100005049.00.03,4000380,741,750,open,na,ok,ok,nok,nok,ok,735,4,1,1,0,0,0,0,6,"0,81",10:00-10:30
2025-10-24,Morning,John,3,100005051.00.04,4000380,741,750,open,na,ok,ok,nok,nok,ok,732,6,1,2,0,0,0,0,9,"1,21",10:00-10:30
2025-10-24,Afternoon,Alex,3,100005049.00.03,4000380,44,720,CLOSED,na,ok,ok,ok,ok,ok,44,0,0,0,0,0,0,0,0,0,18:00-18:30
2025-10-24,Afternoon,Alex,3,100005051.00.04,4000380,44,720,CLOSED,na,ok,ok,nok,nok,ok,42,1,1,0,0,0,0,0,2,"4,55",18:00-18:30
2025-10-24,Afternoon,Alex,3,100005049.00.03,4000383,708,720,open,na,ok,ok,nok,nok,ok,703,3,1,0,1,0,0,0,5,"0,71",18:00-18:30
2025-10-24,Afternoon,Alex,3,100005051.00.04,4000383,708,720,open,na,ok,ok,nok,nok,ok,698,5,2,0,3,0,0,0,10,"1,41",18:00-18:30
2025-10-27,Morning,John,3,100005049.00.03,4000383,492,720,CLOSED,na,ok,ok,nok,nok,ok,489,1,1,0,1,0,0,0,3,"0,61",10:00-10:30
2025-10-27,Morning,John,3,100005051.00.04,4000383,492,720,CLOSED,na,ok,ok,nok,nok,ok,486,4,1,0,1,0,0,0,6,"1,22",10:00-10:30
2025-10-27,Morning,John,3,100005049.00.03,4000387,242,720,open,na,ok,ok,nok,ok,ok,239,2,0,0,0,1,0,0,3,"1,24",10:00-10:30
2025-10-27,Morning,John,3,100005051.00.04,4000387,242,720,open,na,ok,ok,nok,nok,ok,240,1,1,0,0,0,0,0,2,"0,83",10:00-10:30
2025-10-27,Afternoon,Alex,3,100005049.00.03,4000387,734,750,open,na,ok,ok,nok,nok,ok,727,4,2,0,1,0,0,0,7,"0,95",18:00-18:30
2025-10-27,Afternoon,Alex,3,100005051.00.04,4000387,734,750,open,na,ok,ok,nok,nok,ok,726,4,2,0,2,0,0,0,8,"1,09",18:00-18:30
2025-10-28,Morning,John,1,100005078.00.06,4000384,5,720,CLOSED,ok,ok,ok,ok,ok,ok,5,0,0,0,0,0,0,0,0,0,10:00-10:30
2025-10-28,Morning,John,1,100005081.00.05,4000384,5,720,CLOSED,na,ok,ok,ok,ok,ok,5,0,0,0,0,0,0,0,0,0,10:00-10:30
2025-10-28,Morning,John,1,100005058.00.05,4000384,5,720,CLOSED,na,ok,ok,ok,ok,ok,5,0,0,0,0,0,0,0,0,0,10:00-10:30
2025-10-28,Morning,John,1,100005078.00.06,4000388,738,720,open,ok,ok,ok,nok,nok,ok,732,3,2,0,0,1,0,0,6,"0,81",10:00-10:30
2025-10-28,Morning,John,1,100005081.00.05,4000388,738,720,open,na,ok,ok,nok,nok,ok,729,6,2,0,0,1,0,0,9,"1,22",10:00-10:30
2025-10-28,Morning,John,1,100005058.00.05,4000388,738,720,open,na,ok,ok,nok,nok,ok,724,7,4,0,3,0,0,0,14,"1,9",10:00-10:30
2025-10-28,Afternoon,Alex,1,100005078.00.06,4000388,462,720,CLOSED,ok,ok,ok,nok,nok,ok,460,1,1,0,0,0,0,0,2,"0,43",18:00-18:30
2025-10-28,Afternoon,Alex,1,100005081.00.05,4000388,462,720,CLOSED,na,ok,ok,nok,nok,ok,455,3,2,2,0,0,0,0,7,"1,52",18:00-18:30
2025-10-28,Afternoon,Alex,1,100005058.00.05,4000388,462,720,CLOSED,na,ok,ok,ok,nok,ok,461,0,1,0,0,0,0,0,1,"0,22",18:00-18:30
2025-10-28,Afternoon,Alex,1,100005078.00.06,4000389,298,720,open,ok,ok,ok,nok,nok,ok,292,3,2,0,1,0,0,0,6,"2,01",18:00-18:30
2025-10-28,Afternoon,Alex,1,100005081.00.05,4000389,298,720,open,na,ok,ok,nok,nok,ok,293,3,1,0,0,1,0,0,5,"1,68",18:00-18:30
2025-10-28,Afternoon,Alex,1,100005058.00.05,4000389,298,720,open,na,ok,ok,nok,ok,ok,296,1,0,0,1,0,0,0,2,"0,67",18:00-18:30
2025-10-29,Morning,Alex,2,100005035.00.03,4000386,700,720,CLOSED,na,ok,ok,nok,nok,ok,695,3,1,0,1,0,0,0,5,"0,71",10:00-10:30
2025-10-29,Morning,Alex,2,100005039.00.04,4000386,700,720,CLOSED,na,ok,ok,nok,nok,ok,689,6,2,0,0,3,0,0,11,"1,57",10:00-10:30
2025-10-29,Morning,Alex,2,100005035.00.03,4000390,1,720,open,na,ok,ok,ok,ok,ok,1,0,0,0,0,0,0,0,0,0,10:00-10:30
2025-10-29,Morning,Alex,2,100005039.00.04,4000390,1,720,open,na,ok,ok,ok,ok,ok,1,0,0,0,0,0,0,0,0,0,10:00-10:30
2025-10-29,Afternoon,John,2,100005035.00.03,4000390,733,750,open,na,ok,ok,nok,nok,ok,726,4,2,0,0,1,0,0,7,"0,95",18:00-18:30
2025-10-29,Afternoon,John,2,100005039.00.04,4000390,733,750,open,na,ok,ok,nok,nok,ok,727,4,1,0,0,1,0,0,6,"0,82",18:00-18:30
2025-10-30,Morning,Alex,3,100005049.00.03,4000387,224,720,CLOSED,na,ok,ok,nok,ok,ok,221,2,0,1,0,0,0,0,3,"1,34",10:00-10:30
2025-10-30,Morning,Alex,3,100005051.00.04,4000387,224,720,CLOSED,na,ok,ok,nok,ok,ok,223,1,0,0,0,0,0,0,1,"0,45",10:00-10:30
2025-10-30,Morning,Alex,3,100005049.00.03,4000391,483,720,open,na,ok,ok,nok,nok,ok,480,2,1,0,0,0,0,0,3,"0,62",10:00-10:30
2025-10-30,Morning,Alex,3,100005051.00.04,4000391,483,720,open,na,ok,ok,nok,nok,ok,476,3,2,2,0,0,0,0,7,"1,45",10:00-10:30
2025-10-30,Afternoon,John,3,100005049.00.03,4000391,717,720,CLOSED,na,ok,ok,nok,nok,ok,711,3,2,0,1,0,0,0,6,"0,84",18:00-18:30
2025-10-30,Afternoon,John,3,100005051.00.04,4000391,717,720,CLOSED,na,ok,ok,nok,nok,ok,706,5,4,0,2,0,0,0,11,"1,53",18:00-18:30
2025-10-30,Afternoon,John,3,100005049.00.03,4000394,17,720,open,na,ok,ok,ok,ok,ok,17,0,0,0,0,0,0,0,0,0,18:00-18:30
2025-10-30,Afternoon,John,3,100005051.00.04,4000394,17,720,open,na,ok,ok,ok,ok,ok,16,0,0,0,0,1,0,0,1,"5,88",18:00-18:30
2025-10-31,Morning,Alex,1,100005078.00.06,4000389,762,750,open,ok,ok,ok,nok,nok,ok,758,2,1,0,0,1,0,0,4,"0,52",10:00-10:30
2025-10-31,Morning,Alex,1,100005081.00.05,4000389,762,750,open,na,ok,ok,nok,ok,ok,759,2,0,0,1,0,0,0,3,"0,39",10:00-10:30
2025-10-31,Morning,Alex,1,100005058.00.05,4000389,762,750,open,na,ok,ok,nok,nok,ok,751,7,2,0,0,2,0,0,11,"1,44",10:00-10:30
2025-10-31,Afternoon,John,1,100005078.00.06,4000389,140,720,CLOSED,ok,ok,ok,ok,ok,ok,140,0,0,0,0,0,0,0,0,0,18:00-18:30
2025-10-31,Afternoon,John,1,100005081.00.05,4000389,140,720,CLOSED,na,ok,ok,nok,ok,ok,139,1,0,0,0,0,0,0,1,"0,71",18:00-18:30
2025-10-31,Afternoon,John,1,100005058.00.05,4000389,140,720,CLOSED,na,ok,ok,nok,nok,ok,138,1,1,0,0,0,0,0,2,"1,43",18:00-18:30
2025-10-31,Afternoon,John,1,100005078.00.06,4000395,617,720,open,ok,ok,ok,nok,nok,ok,612,3,1,0,1,0,0,0,5,"0,81",18:00-18:30
2025-10-31,Afternoon,John,1,100005081.00.05,4000395,617,720,open,na,ok,ok,nok,nok,ok,610,5,1,0,1,0,0,0,7,"1,13",18:00-18:30
2025-10-31,Afternoon,John,1,100005058.00.05,4000395,617,720,open,na,ok,ok,nok,nok,ok,610,4,2,0,0,1,0,0,7,"1,13",18:00-18:30
2025-11-03,Morning,Alex,1,100005078.00.06,4000395,583,720,CLOSED,ok,ok,ok,nok,nok,ok,576,4,2,0,1,0,0,0,7,"1,2",10:00-10:30
2025-11-03,Morning,Alex,1,100005081.00.05,4000395,583,720,CLOSED,na,ok,ok,nok,nok,ok,579,2,1,0,0,1,0,0,4,"0,69",10:00-10:30
2025-11-03,Morning,Alex,1,100005058.00.05,4000395,583,720,CLOSED,na,ok,ok,nok,nok,ok,578,2,2,1,0,0,0,0,5,"0,86",10:00-10:30
2025-11-03,Morning,Alex,1,100005078.00.06,4000398,177,720,open,ok,ok,ok,ok,ok,ok,177,0,0,0,0,0,0,0,0,0,10:00-10:30
2025-11-03,Morning,Alex,1,100005081.00.05,4000398,177,720,open,na,ok,ok,ok,ok,ok,177,0,0,0,0,0,0,0,0,0,10:00-10:30
2025-11-03,Morning,Alex,1,100005058.00.05,4000398,177,720,open,na,ok,ok,nok,nok,ok,175,1,1,0,0,0,0,0,2,"1,13",10:00-10:30
2025-11-03,Afternoon,John,1,100005078.00.06,4000398,755,750,open,ok,ok,ok,nok,nok,ok,746,6,1,0,0,2,0,0,9,"1,19",18:00-18:30
2025-11-03,Afternoon,John,1,100005081.00.05,4000398,755,750,open,na,ok,ok,nok,nok,ok,743,6,3,0,0,3,0,0,12,"1,59",18:00-18:30
2025-11-03,Afternoon,John,1,100005058.00.05,4000398,755,750,open,na,ok,ok,nok,nok,ok,746,5,2,2,0,0,0,0,9,"1,19",18:00-18:30
2025-11-04,Morning,Alex,2,100005035.00.03,4000396,191,720,CLOSED,na,ok,ok,nok,nok,ok,187,2,1,0,1,0,0,0,4,"2,09",10:00-10:30
2025-11-04,Morning,Alex,2,100005039.00.04,4000396,191,720,CLOSED,na,ok,ok,nok,ok,ok,190,1,0,0,0,0,0,0,1,"0,52",10:00-10:30
2025-11-04,Morning,Alex,2,100005035.00.03,4000399,530,720,open,na,ok,ok,nok,nok,ok,524,3,2,0,0,1,0,0,6,"1,13",10:00-10:30
2025-11-04,Morning,Alex,2,100005039.00.04,4000399,530,720,open,na,ok,ok,nok,nok,ok,521,4,2,0,3,0,0,0,9,"1,7",10:00-10:30
2025-11-04,Afternoon,John,2,100005035.00.03,4000399,670,720,CLOSED,na,ok,ok,nok,nok,ok,666,2,1,0,1,0,0,0,4,"0,6",18:00-18:30
2025-11-04,Afternoon,John,2,100005039.00.04,4000399,670,720,CLOSED,na,ok,ok,nok,nok,ok,664,3,1,0,0,2,0,0,6,"0,9",18:00-18:30
2025-11-04,Afternoon,John,2,100005035.00.03,4000400,32,720,open,na,ok,ok,ok,ok,ok,32,0,0,0,0,0,0,0,0,0,18:00-18:30
2025-11-04,Afternoon,John,2,100005039.00.04,4000400,32,720,open,na,ok,ok,ok,ok,ok,32,0,0,0,0,0,0,0,0,0,18:00-18:30
2025-11-05,Morning,John,3,100005049.00.03,4000397,720,750,open,na,ok,ok,nok,nok,ok,716,2,1,0,0,1,0,0,4,"0,56",10:00-10:30
2025-11-05,Morning,John,3,100005051.00.04,4000397,720,750,open,na,ok,ok,nok,nok,ok,713,4,1,0,0,2,0,0,7,"0,97",10:00-10:30
2025-11-05,Afternoon,Alex,3,100005049.00.03,4000397,215,720,CLOSED,na,ok,ok,nok,ok,ok,212,2,0,0,0,1,0,0,3,"1,4",18:00-18:30
2025-11-05,Afternoon,Alex,3,100005051.00.04,4000397,215,720,CLOSED,na,ok,ok,nok,nok,ok,210,3,1,0,0,1,0,0,5,"2,33",18:00-18:30
2025-11-05,Afternoon,Alex,3,100005049.00.03,4000401,525,720,open,na,ok,ok,nok,nok,ok,519,3,2,0,1,0,0,0,6,"1,14",18:00-18:30
2025-11-05,Afternoon,Alex,3,100005051.00.04,4000401,525,720,open,na,ok,ok,nok,nok,ok,518,3,2,0,0,2,0,0,7,"1,33",18:00-18:30
2025-11-06,Morning,John,1,100005078.00.06,4000398,268,720,CLOSED,ok,ok,ok,nok,nok,ok,265,2,1,0,0,0,0,0,3,"1,12",10:00-10:30
2025-11-06,Morning,John,1,100005081.00.05,4000398,268,720,CLOSED,na,ok,ok,nok,ok,ok,266,1,0,0,0,1,0,0,2,"0,75",10:00-10:30
2025-11-06,Morning,John,1,100005058.00.05,4000398,268,720,CLOSED,na,ok,ok,nok,ok,ok,266,1,0,0,1,0,0,0,2,"0,75",10:00-10:30
2025-11-06,Morning,John,1,100005078.00.06,4000402,494,720,open,ok,ok,ok,nok,nok,ok,492,1,1,0,0,0,0,0,2,"0,4",10:00-10:30
2025-11-06,Morning,John,1,100005081.00.05,4000402,494,720,open,na,ok,ok,nok,nok,ok,487,4,2,0,0,1,0,0,7,"1,42",10:00-10:30
2025-11-06,Morning,John,1,100005058.00.05,4000402,494,720,open,na,ok,ok,nok,nok,ok,490,2,1,1,0,0,0,0,4,"0,81",10:00-10:30
2025-11-06,Afternoon,Alex,1,100005078.00.06,4000402,706,720,CLOSED,ok,ok,ok,nok,nok,ok,699,4,2,0,0,1,0,0,7,"0,99",18:00-18:30
2025-11-06,Afternoon,Alex,1,100005081.00.05,4000402,706,720,CLOSED,na,ok,ok,nok,nok,ok,693,7,3,0,3,0,0,0,13,"1,84",18:00-18:30
2025-11-06,Afternoon,Alex,1,100005058.00.05,4000402,706,720,CLOSED,na,ok,ok,nok,nok,ok,698,4,1,0,0,3,0,0,8,"1,13",18:00-18:30
2025-11-06,Afternoon,Alex,1,100005078.00.06,4000403,57,720,open,ok,ok,ok,nok,ok,ok,56,1,0,0,0,0,0,0,1,"1,75",18:00-18:30
2025-11-06,Afternoon,Alex,1,100005081.00.05,4000403,57,720,open,na,ok,ok,nok,ok,ok,56,1,0,0,0,0,0,0,1,"1,75",18:00-18:30
2025-11-06,Afternoon,Alex,1,100005058.00.05,4000403,57,720,open,na,ok,ok,nok,ok,ok,56,1,0,0,0,0,0,0,1,"1,75",18:00-18:30
2025-11-07,Morning,John,2,100005035.00.03,4000400,740,750,open,na,ok,ok,nok,nok,ok,732,4,1,0,0,3,0,0,8,"1,08",10:00-10:30
2025-11-07,Morning,John,2,100005039.00.04,4000400,740,750,open,na,ok,ok,nok,nok,ok,732,5,1,2,0,0,0,0,8,"1,08",10:00-10:30
2025-11-07,Afternoon,Alex,2,100005035.00.03,4000400,428,720,CLOSED,na,ok,ok,nok,nok,ok,421,4,1,0,0,2,0,0,7,"1,64",18:00-18:30
2025-11-07,Afternoon,Alex,2,100005039.00.04,4000400,428,720,CLOSED,na,ok,ok,nok,nok,ok,424,2,1,0,1,0,0,0,4,"0,93",18:00-18:30
2025-11-07,Afternoon,Alex,2,100005035.00.03,4000404,306,720,open,na,ok,ok,nok,ok,ok,304,1,0,0,1,0,0,0,2,"0,65",18:00-18:30
2025-11-07,Afternoon,Alex,2,100005039.00.04,4000404,306,720,open,na,ok,ok,nok,nok,ok,304,1,1,0,0,0,0,0,2,"0,65",18:00-18:30
2025-11-10,Morning,John,2,100005035.00.03,4000404,702,750,open,na,ok,ok,nok,nok,ok,694,5,1,2,0,0,0,0,8,"1,14",10:00-10:30
2025-11-10,Morning,John,2,100005039.00.04,4000404,702,750,open,na,ok,ok,nok,ok,ok,699,2,0,0,0,1,0,0,3,"0,43",10:00-10:30
2025-11-10,Afternoon,Alex,2,100005035.00.03,4000404,192,720,CLOSED,na,ok,ok,nok,ok,ok,191,1,0,0,0,0,0,0,1,"0,52",18:00-18:30
2025-11-10,Afternoon,Alex,2,100005039.00.04,4000404,192,720,CLOSED,na,ok,ok,nok,ok,ok,191,1,0,0,0,0,0,0,1,"0,52",18:00-18:30
2025-11-10,Afternoon,Alex,2,100005035.00.03,4000407,558,720,open,na,ok,ok,nok,nok,ok,550,5,1,2,0,0,0,0,8,"1,43",18:00-18:30
2025-11-10,Afternoon,Alex,2,100005039.00.04,4000407,558,720,open,na,ok,ok,nok,nok,ok,549,5,2,2,0,0,0,0,9,"1,61",18:00-18:30
2025-11-11,Morning,John,3,100005049.00.03,4000405,412,720,CLOSED,na,ok,ok,nok,ok,ok,411,1,0,0,0,0,0,0,1,"0,24",10:00-10:30
2025-11-11,Morning,John,3,100005051.00.04,4000405,412,720,CLOSED,na,ok,ok,nok,nok,ok,405,4,1,0,2,0,0,0,7,"1,7",10:00-10:30
2025-11-11,Morning,John,3,100005049.00.03,4000408,331,720,open,na,ok,ok,nok,nok,ok,325,3,1,2,0,0,0,0,6,"1,81",10:00-10:30
2025-11-11,Morning,John,3,100005051.00.04,4000408,331,720,open,na,ok,ok,ok,ok,ok,331,0,0,0,0,0,0,0,0,0,10:00-10:30
2025-11-11,Afternoon,Alex,3,100005049.00.03,4000408,703,750,open,na,ok,ok,nok,nok,ok,699,2,1,1,0,0,0,0,4,"0,57",18:00-18:30
2025-11-11,Afternoon,Alex,3,100005051.00.04,4000408,703,750,open,na,ok,ok,nok,nok,ok,694,5,2,0,0,2,0,0,9,"1,28",18:00-18:30
2025-11-12,Morning,Alex,1,100005078.00.06,4000406,746,750,open,ok,ok,ok,nok,nok,ok,741,2,1,0,0,2,0,0,5,"0,67",10:00-10:30
2025-11-12,Morning,Alex,1,100005081.00.05,4000406,746,750,open,na,ok,ok,nok,nok,ok,741,3,1,1,0,0,0,0,5,"0,67",10:00-10:30
2025-11-12,Morning,Alex,1,100005058.00.05,4000406,746,750,open,na,ok,ok,nok,nok,ok,741,3,1,0,1,0,0,0,5,"0,67",10:00-10:30
2025-11-12,Afternoon,John,1,100005078.00.06,4000406,125,720,CLOSED,ok,ok,ok,nok,ok,ok,123,1,0,0,0,1,0,0,2,"1,6",18:00-18:30
2025-11-12,Afternoon,John,1,100005081.00.05,4000406,125,720,CLOSED,na,ok,ok,ok,ok,ok,125,0,0,0,0,0,0,0,0,0,18:00-18:30
2025-11-12,Afternoon,John,1,100005058.00.05,4000406,125,720,CLOSED,na,ok,ok,nok,ok,ok,124,1,0,0,0,0,0,0,1,"0,8",18:00-18:30
2025-11-12,Afternoon,John,1,100005078.00.06,4000409,610,720,open,ok,ok,ok,nok,nok,ok,604,3,1,2,0,0,0,0,6,"0,98",18:00-18:30
2025-11-12,Afternoon,John,1,100005081.00.05,4000409,610,720,open,na,ok,ok,nok,nok,ok,604,4,1,0,0,1,0,0,6,"0,98",18:00-18:30
2025-11-12,Afternoon,John,1,100005058.00.05,4000409,610,720,open,na,ok,ok,nok,nok,ok,599,5,3,0,3,0,0,0,11,"1,8",18:00-18:30
2025-11-13,Morning,Alex,2,100005035.00.03,4000407,642,720,CLOSED,na,ok,ok,nok,nok,ok,633,4,2,0,0,3,0,0,9,"1,4",10:00-10:30
2025-11-13,Morning,Alex,2,100005039.00.04,4000407,642,720,CLOSED,na,ok,ok,nok,nok,ok,636,3,1,0,0,2,0,0,6,"0,93",10:00-10:30
2025-11-13,Morning,Alex,2,100005035.00.03,4000410,67,720,open,na,ok,ok,ok,nok,ok,66,0,1,0,0,0,0,0,1,"1,49",10:00-10:30
2025-11-13,Morning,Alex,2,100005039.00.04,4000410,67,720,open,na,ok,ok,nok,ok,ok,66,1,0,0,0,0,0,0,1,"1,49",10:00-10:30
2025-11-13,Afternoon,John,2,100005035.00.03,4000410,745,750,open,na,ok,ok,nok,nok,ok,737,5,2,0,1,0,0,0,8,"1,07",18:00-18:30
2025-11-13,Afternoon,John,2,100005039.00.04,4000410,745,750,open,na,ok,ok,nok,nok,ok,734,6,2,0,0,3,0,0,11,"1,48",18:00-18:30
2025-11-14,Morning,Alex,3,100005049.00.03,4000408,166,720,CLOSED,na,ok,ok,nok,ok,ok,165,1,0,0,0,0,0,0,1,"0,6",10:00-10:30
2025-11-14,Morning,Alex,3,100005051.00.04,4000408,166,720,CLOSED,na,ok,ok,nok,nok,ok,164,1,1,0,0,0,0,0,2,"1,2",10:00-10:30
2025-11-14,Morning,Alex,3,100005049.00.03,4000411,572,720,open,na,ok,ok,nok,nok,ok,566,3,1,0,0,2,0,0,6,"1,05",10:00-10:30
2025-11-14,Morning,Alex,3,100005051.00.04,4000411,572,720,open,na,ok,ok,nok,nok,ok,565,3,1,3,0,0,0,0,7,"1,22",10:00-10:30
2025-11-14,Afternoon,John,3,100005049.00.03,4000411,628,720,CLOSED,na,ok,ok,nok,nok,ok,624,3,1,0,0,0,0,0,4,"0,64",18:00-18:30
2025-11-14,Afternoon,John,3,100005051.00.04,4000411,628,720,CLOSED,na,ok,ok,nok,nok,ok,616,8,2,0,2,0,0,0,12,"1,91",18:00-18:30
2025-11-14,Afternoon,John,3,100005049.00.03,4000412,97,720,open,na,ok,ok,ok,ok,ok,97,0,0,0,0,0,0,0,0,0,18:00-18:30
2025-11-14,Afternoon,John,3,100005051.00.04,4000412,97,720,open,na,ok,ok,nok,ok,ok,96,1,0,0,0,0,0,0,1,"1,03",18:00-18:30
2025-11-17,Morning,Alex,3,100005049.00.03,4000412,754,750,open,na,ok,ok,nok,nok,ok,745,5,2,0,0,2,0,0,9,"1,19",10:00-10:30
2025-11-17,Morning,Alex,3,100005051.00.04,4000412,754,750,open,na,ok,ok,nok,nok,ok,742,6,3,0,3,0,0,0,12,"1,59",10:00-10:30
2025-11-17,Afternoon,John,3,100005049.00.03,4000412,349,720,CLOSED,na,ok,ok,nok,ok,ok,347,1,0,1,0,0,0,0,2,"0,57",18:00-18:30
2025-11-17,Afternoon,John,3,100005051.00.04,4000412,349,720,CLOSED,na,ok,ok,nok,nok,ok,347,1,1,0,0,0,0,0,2,"0,57",18:00-18:30
2025-11-17,Afternoon,John,3,100005049.00.03,4000415,402,720,open,na,ok,ok,nok,ok,ok,401,1,0,0,0,0,0,0,1,"0,25",18:00-18:30
2025-11-17,Afternoon,John,3,100005051.00.04,4000415,402,720,open,na,ok,ok,nok,nok,ok,399,2,1,0,0,0,0,0,3,"0,75",18:00-18:30
2025-11-18,Morning,Alex,1,100005078.00.06,4000413,303,720,CLOSED,ok,ok,ok,nok,nok,ok,299,2,1,0,0,1,0,0,4,"1,32",10:00-10:30
2025-11-18,Morning,Alex,1,100005081.00.05,4000413,303,720,CLOSED,na,ok,ok,nok,nok,ok,299,2,1,0,1,0,0,0,4,"1,32",10:00-10:30
2025-11-18,Morning,Alex,1,100005058.00.05,4000413,303,720,CLOSED,na,ok,ok,nok,nok,ok,298,2,2,0,1,0,0,0,5,"1,65",10:00-10:30
2025-11-18,Morning,Alex,1,100005078.00.06,4000416,438,720,open,ok,ok,ok,nok,nok,ok,431,4,1,0,2,0,0,0,7,"1,6",10:00-10:30
2025-11-18,Morning,Alex,1,100005081.00.05,4000416,438,720,open,na,ok,ok,nok,nok,ok,430,4,2,0,0,2,0,0,8,"1,83",10:00-10:30
2025-11-18,Morning,Alex,1,100005058.00.05,4000416,438,720,open,na,ok,ok,nok,nok,ok,435,2,1,0,0,0,0,0,3,"0,68",10:00-10:30
2025-11-18,Afternoon,John,1,100005078.00.06,4000416,737,750,open,ok,ok,ok,nok,nok,ok,729,5,1,2,0,0,0,0,8,"1,09",18:00-18:30
2025-11-18,Afternoon,John,1,100005081.00.05,4000416,737,750,open,na,ok,ok,nok,nok,ok,734,2,1,0,0,0,0,0,3,"0,41",18:00-18:30
2025-11-18,Afternoon,John,1,100005058.00.05,4000416,737,750,open,na,ok,ok,nok,nok,ok,729,4,2,0,2,0,0,0,8,"1,09",18:00-18:30
2025-11-19,Morning,John,2,100005035.00.03,4000414,109,720,CLOSED,na,ok,ok,nok,ok,ok,108,1,0,0,0,0,0,0,1,"0,92",10:00-10:30
2025-11-19,Morning,John,2,100005039.00.04,4000414,109,720,CLOSED,na,ok,ok,ok,ok,ok,108,0,0,0,1,0,0,0,1,"0,92",10:00-10:30
2025-11-19,Morning,John,2,100005035.00.03,4000417,624,720,open,na,ok,ok,nok,nok,ok,618,3,1,0,0,2,0,0,6,"0,96",10:00-10:30
2025-11-19,Morning,John,2,100005039.00.04,4000417,624,720,open,na,ok,ok,nok,nok,ok,617,3,2,0,0,2,0,0,7,"1,12",10:00-10:30
2025-11-19,Afternoon,Alex,2,100005035.00.03,4000417,576,720,CLOSED,na,ok,ok,nok,nok,ok,568,4,2,2,0,0,0,0,8,"1,39",18:00-18:30
2025-11-19,Afternoon,Alex,2,100005039.00.04,4000417,576,720,CLOSED,na,ok,ok,nok,nok,ok,573,2,1,0,0,0,0,0,3,"0,52",18:00-18:30
2025-11-19,Afternoon,Alex,2,100005035.00.03,4000418,174,720,open,na,ok,ok,ok,nok,ok,173,0,1,0,0,0,0,0,1,"0,57",18:00-18:30
2025-11-19,Afternoon,Alex,2,100005039.00.04,4000418,174,720,open,na,ok,ok,nok,ok,ok,172,1,0,0,0,1,0,0,2,"1,15",18:00-18:30
2025-11-20,Morning,John,3,100005049.00.03,4000415,719,750,open,na,ok,ok,nok,nok,ok,710,4,3,0,2,0,0,0,9,"1,25",10:00-10:30
2025-11-20,Morning,John,3,100005051.00.04,4000415,719,750,open,na,ok,ok,nok,nok,ok,714,2,1,0,0,2,0,0,5,"0,7",10:00-10:30
2025-11-20,Afternoon,Alex,3,100005049.00.03,4000415,79,720,CLOSED,na,ok,ok,nok,ok,ok,78,1,0,0,0,0,0,0,1,"1,27",18:00-18:30
2025-11-20,Afternoon,Alex,3,100005051.00.04,4000415,79,720,CLOSED,na,ok,ok,ok,ok,ok,79,0,0,0,0,0,0,0,0,0,18:00-18:30
2025-11-20,Afternoon,Alex,3,100005049.00.03,4000419,665,720,open,na,ok,ok,nok,nok,ok,657,5,2,0,1,0,0,0,8,"1,2",18:00-18:30
2025-11-20,Afternoon,Alex,3,100005051.00.04,4000419,665,720,open,na,ok,ok,nok,nok,ok,660,3,1,1,0,0,0,0,5,"0,75",18:00-18:30
2025-11-21,Morning,John,1,100005078.00.06,4000416,25,720,CLOSED,ok,ok,ok,ok,ok,ok,25,0,0,0,0,0,0,0,0,0,10:00-10:30
2025-11-21,Morning,John,1,100005081.00.05,4000416,25,720,CLOSED,na,ok,ok,ok,ok,ok,25,0,0,0,0,0,0,0,0,0,10:00-10:30
2025-11-21,Morning,John,1,100005058.00.05,4000416,25,720,CLOSED,na,ok,ok,ok,ok,ok,25,0,0,0,0,0,0,0,0,0,10:00-10:30
2025-11-21,Morning,John,1,100005078.00.06,4000420,734,720,open,ok,ok,ok,nok,nok,ok,724,6,1,0,3,0,0,0,10,"1,36",10:00-10:30
2025-11-21,Morning,John,1,100005081.00.05,4000420,734,720,open,na,ok,ok,nok,nok,ok,731,2,1,0,0,0,0,0,3,"0,41",10:00-10:30
2025-11-21,Morning,John,1,100005058.00.05,4000420,734,720,open,na,ok,ok,nok,nok,ok,729,3,1,1,0,0,0,0,5,"0,68",10:00-10:30
2025-11-21,Afternoon,Alex,1,100005078.00.06,4000420,466,720,CLOSED,ok,ok,ok,nok,nok,ok,460,3,2,0,0,1,0,0,6,"1,29",18:00-18:30
2025-11-21,Afternoon,Alex,1,100005081.00.05,4000420,466,720,CLOSED,na,ok,ok,nok,ok,ok,465,1,0,0,0,0,0,0,1,"0,21",18:00-18:30
2025-11-21,Afternoon,Alex,1,100005058.00.05,4000420,466,720,CLOSED,na,ok,ok,nok,nok,ok,462,2,1,0,1,0,0,0,4,"0,86",18:00-18:30
2025-11-21,Afternoon,Alex,1,100005078.00.06,4000421,273,720,open,ok,ok,ok,nok,ok,ok,272,1,0,0,0,0,0,0,1,"0,37",18:00-18:30
2025-11-21,Afternoon,Alex,1,100005081.00.05,4000421,273,720,open,na,ok,ok,nok,nok,ok,270,2,1,0,0,0,0,0,3,"1,1",18:00-18:30
2025-11-21,Afternoon,Alex,1,100005058.00.05,4000421,273,720,open,na,ok,ok,nok,nok,ok,269,2,1,0,1,0,0,0,4,"1,47",18:00-18:30
2025-11-24,Morning,John,1,100005078.00.06,4000421,768,750,open,ok,ok,ok,nok,nok,ok,759,4,3,0,2,0,0,0,9,"1,17",10:00-10:30
2025-11-24,Morning,John,1,100005081.00.05,4000421,768,750,open,na,ok,ok,nok,ok,ok,766,1,0,1,0,0,0,0,2,"0,26",10:00-10:30
2025-11-24,Morning,John,1,100005058.00.05,4000421,768,750,open,na,ok,ok,nok,nok,ok,758,6,2,0,0,2,0,0,10,"1,3",10:00-10:30
2025-11-24,Afternoon,Alex,1,100005078.00.06,4000421,159,720,CLOSED,ok,ok,ok,nok,ok,ok,158,1,0,0,0,0,0,0,1,"0,63",18:00-18:30
2025-11-24,Afternoon,Alex,1,100005081.00.05,4000421,159,720,CLOSED,na,ok,ok,nok,ok,ok,156,2,0,0,0,1,0,0,3,"1,89",18:00-18:30
2025-11-24,Afternoon,Alex,1,100005058.00.05,4000421,159,720,CLOSED,na,ok,ok,nok,nok,ok,156,2,1,0,0,0,0,0,3,"1,89",18:00-18:30
2025-11-24,Afternoon,Alex,1,100005078.00.06,4000424,593,720,open,ok,ok,ok,nok,nok,ok,587,3,2,0,0,1,0,0,6,"1,01",18:00-18:30
2025-11-24,Afternoon,Alex,1,100005081.00.05,4000424,593,720,open,na,ok,ok,nok,nok,ok,584,6,2,0,0,1,0,0,9,"1,52",18:00-18:30
2025-11-24,Afternoon,Alex,1,100005058.00.05,4000424,593,720,open,na,ok,ok,nok,ok,ok,589,3,0,1,0,0,0,0,4,"0,67",18:00-18:30
2025-11-25,Morning,John,2,100005035.00.03,4000422,732,720,CLOSED,na,ok,ok,nok,nok,ok,723,5,2,0,0,2,0,0,9,"1,23",10:00-10:30
2025-11-25,Morning,John,2,100005039.00.04,4000422,732,720,CLOSED,na,ok,ok,nok,nok,ok,723,5,2,0,2,0,0,0,9,"1,23",10:00-10:30
2025-11-25,Morning,John,2,100005035.00.03,4000425,1,720,open,na,ok,ok,ok,ok,ok,1,0,0,0,0,0,0,0,0,0,10:00-10:30
2025-11-25,Morning,John,2,100005039.00.04,4000425,1,720,open,na,ok,ok,ok,nok,ok,0,0,1,0,0,0,0,0,1,100,10:00-10:30
2025-11-25,Afternoon,Alex,2,100005035.00.03,4000425,749,750,open,na,ok,ok,nok,nok,ok,738,6,2,3,0,0,0,0,11,"1,47",18:00-18:30
2025-11-25,Afternoon,Alex,2,100005039.00.04,4000425,749,750,open,na,ok,ok,nok,nok,ok,738,7,2,2,0,0,0,0,11,"1,47",18:00-18:30
2025-11-26,Morning,Alex,3,100005049.00.03,4000423,287,720,CLOSED,na,ok,ok,nok,nok,ok,284,2,1,0,0,0,0,0,3,"1,05",10:00-10:30
2025-11-26,Morning,Alex,3,100005051.00.04,4000423,287,720,CLOSED,na,ok,ok,nok,nok,ok,284,2,1,0,0,0,0,0,3,"1,05",10:00-10:30
2025-11-26,Morning,Alex,3,100005049.00.03,4000426,432,720,open,na,ok,ok,nok,nok,ok,425,4,2,0,1,0,0,0,7,"1,62",10:00-10:30
2025-11-26,Morning,Alex,3,100005051.00.04,4000426,432,720,open,na,ok,ok,nok,ok,ok,431,1,0,0,0,0,0,0,1,"0,23",10:00-10:30
2025-11-26,Afternoon,John,3,100005049.00.03,4000426,704,750,open,na,ok,ok,nok,nok,ok,700,2,1,0,1,0,0,0,4,"0,57",18:00-18:30
2025-11-26,Afternoon,John,3,100005051.00.04,4000426,704,750,open,na,ok,ok,nok,nok,ok,696,5,1,0,2,0,0,0,8,"1,14",18:00-18:30
2025-11-27,Morning,Alex,1,100005078.00.06,4000424,607,720,CLOSED,ok,ok,ok,nok,nok,ok,602,3,1,0,1,0,0,0,5,"0,82",10:00-10:30
2025-11-27,Morning,Alex,1,100005081.00.05,4000424,607,720,CLOSED,na,ok,ok,nok,nok,ok,600,4,1,0,2,0,0,0,7,"1,15",10:00-10:30
2025-11-27,Morning,Alex,1,100005058.00.05,4000424,607,720,CLOSED,na,ok,ok,nok,nok,ok,602,3,1,0,0,1,0,0,5,"0,82",10:00-10:30
2025-11-27,Morning,Alex,1,100005078.00.06,4000427,128,720,open,ok,ok,ok,nok,ok,ok,127,1,0,0,0,0,0,0,1,"0,78",10:00-10:30
2025-11-27,Morning,Alex,1,100005081.00.05,4000427,128,720,open,na,ok,ok,nok,ok,ok,127,1,0,0,0,0,0,0,1,"0,78",10:00-10:30
2025-11-27,Morning,Alex,1,100005058.00.05,4000427,128,720,open,na,ok,ok,nok,ok,ok,127,1,0,0,0,0,0,0,1,"0,78",10:00-10:30
2025-11-27,Afternoon,John,1,100005078.00.06,4000427,752,750,open,ok,ok,ok,nok,nok,ok,740,6,2,4,0,0,0,0,12,"1,6",18:00-18:30
2025-11-27,Afternoon,John,1,100005081.00.05,4000427,752,750,open,na,ok,ok,nok,nok,ok,748,2,1,0,1,0,0,0,4,"0,53",18:00-18:30
2025-11-27,Afternoon,John,1,100005058.00.05,4000427,752,750,open,na,ok,ok,nok,nok,ok,740,5,3,0,4,0,0,0,12,"1,6",18:00-18:30
2025-11-28,Morning,Alex,2,100005035.00.03,4000425,450,720,CLOSED,na,ok,ok,ok,nok,ok,449,0,1,0,0,0,0,0,1,"0,22",10:00-10:30
2025-11-28,Morning,Alex,2,100005039.00.04,4000425,450,720,CLOSED,na,ok,ok,nok,ok,ok,447,2,0,1,0,0,0,0,3,"0,67",10:00-10:30
2025-11-28,Morning,Alex,2,100005035.00.03,4000428,280,720,open,na,ok,ok,nok,ok,ok,276,3,0,1,0,0,0,0,4,"1,43",10:00-10:30
2025-11-28,Morning,Alex,2,100005039.00.04,4000428,280,720,open,na,ok,ok,ok,ok,ok,279,0,0,1,0,0,0,0,1,"0,36",10:00-10:30
2025-11-28,Afternoon,John,2,100005035.00.03,4000428,756,750,open,na,ok,ok,nok,nok,ok,753,1,1,0,0,1,0,0,3,"0,4",18:00-18:30
2025-11-28,Afternoon,John,2,100005039.00.04,4000428,756,750,open,na,ok,ok,nok,nok,ok,750,3,1,2,0,0,0,0,6,"0,79",18:00-18:30
2025-12-01,Morning,Alex,2,100005035.00.03,4000428,164,720,CLOSED,na,ok,ok,nok,ok,ok,162,1,0,1,0,0,0,0,2,"1,22",10:00-10:30
2025-12-01,Morning,Alex,2,100005039.00.04,4000428,164,720,CLOSED,na,ok,ok,nok,ok,ok,162,1,0,0,1,0,0,0,2,"1,22",10:00-10:30
2025-12-01,Morning,Alex,2,100005035.00.03,4000432,583,720,open,na,ok,ok,nok,nok,ok,576,4,1,2,0,0,0,0,7,"1,2",10:00-10:30
2025-12-01,Morning,Alex,2,100005039.00.04,4000432,583,720,open,na,ok,ok,nok,nok,ok,578,3,1,1,0,0,0,0,5,"0,86",10:00-10:30
2025-12-01,Afternoon,John,2,100005035.00.03,4000432,617,720,CLOSED,na,ok,ok,nok,nok,ok,611,3,1,0,0,2,0,0,6,"0,97",18:00-18:30
2025-12-01,Afternoon,John,2,100005039.00.04,4000432,617,720,CLOSED,na,ok,ok,nok,nok,ok,609,4,2,2,0,0,0,0,8,"1,3",18:00-18:30
2025-12-01,Afternoon,John,2,100005035.00.03,4000433,129,720,open,na,ok,ok,ok,ok,ok,129,0,0,0,0,0,0,0,0,0,18:00-18:30
2025-12-01,Afternoon,John,2,100005039.00.04,4000433,129,720,open,na,ok,ok,nok,nok,ok,127,1,1,0,0,0,0,0,2,"1,55",18:00-18:30
2025-12-02,Morning,Alex,3,100005049.00.03,4000430,740,750,open,na,ok,ok,nok,nok,ok,733,4,1,0,2,0,0,0,7,"0,95",10:00-10:30
2025-12-02,Morning,Alex,3,100005051.00.04,4000430,740,750,open,na,ok,ok,nok,nok,ok,734,4,1,0,0,1,0,0,6,"0,81",10:00-10:30
2025-12-02,Afternoon,John,3,100005049.00.03,4000430,271,720,CLOSED,na,ok,ok,nok,nok,ok,268,1,1,1,0,0,0,0,3,"1,11",18:00-18:30
2025-12-02,Afternoon,John,3,100005051.00.04,4000430,271,720,CLOSED,na,ok,ok,nok,ok,ok,269,1,0,0,0,1,0,0,2,"0,74",18:00-18:30
2025-12-02,Afternoon,John,3,100005049.00.03,4000434,484,720,open,na,ok,ok,nok,ok,ok,483,1,0,0,0,0,0,0,1,"0,21",18:00-18:30
2025-12-02,Afternoon,John,3,100005051.00.04,4000434,484,720,open,na,ok,ok,nok,nok,ok,479,2,1,2,0,0,0,0,5,"1,03",18:00-18:30
2025-12-03,Morning,John,1,100005078.00.06,4000431,44,720,CLOSED,ok,ok,ok,ok,ok,ok,44,0,0,0,0,0,0,0,0,0,10:00-10:30
2025-12-03,Morning,John,1,100005081.00.05,4000431,44,720,CLOSED,na,ok,ok,nok,ok,ok,43,1,0,0,0,0,0,0,1,"2,27",10:00-10:30
2025-12-03,Morning,John,1,100005058.00.05,4000431,44,720,CLOSED,na,ok,ok,ok,ok,ok,44,0,0,0,0,0,0,0,0,0,10:00-10:30
2025-12-03,Morning,John,1,100005078.00.06,4000435,726,720,open,ok,ok,ok,nok,nok,ok,717,5,2,2,0,0,0,0,9,"1,24",10:00-10:30
2025-12-03,Morning,John,1,100005081.00.05,4000435,726,720,open,na,ok,ok,nok,nok,ok,723,2,1,0,0,0,0,0,3,"0,41",10:00-10:30
2025-12-03,Morning,John,1,100005058.00.05,4000435,726,720,open,na,ok,ok,nok,nok,ok,714,6,2,0,4,0,0,0,12,"1,65",10:00-10:30
2025-12-03,Afternoon,Alex,1,100005078.00.06,4000435,474,720,CLOSED,ok,ok,ok,nok,nok,ok,466,5,2,1,0,0,0,0,8,"1,69",18:00-18:30
2025-12-03,Afternoon,Alex,1,100005081.00.05,4000435,474,720,CLOSED,na,ok,ok,nok,nok,ok,471,2,1,0,0,0,0,0,3,"0,63",18:00-18:30
2025-12-03,Afternoon,Alex,1,100005058.00.05,4000435,474,720,CLOSED,na,ok,ok,nok,nok,ok,468,3,1,2,0,0,0,0,6,"1,27",18:00-18:30
2025-12-03,Afternoon,Alex,1,100005078.00.06,4000436,296,720,open,ok,ok,ok,nok,nok,ok,294,1,1,0,0,0,0,0,2,"0,68",18:00-18:30
2025-12-03,Afternoon,Alex,1,100005081.00.05,4000436,296,720,open,na,ok,ok,nok,nok,ok,293,2,1,0,0,0,0,0,3,"1,01",18:00-18:30
2025-12-03,Afternoon,Alex,1,100005058.00.05,4000436,296,720,open,na,ok,ok,ok,ok,ok,295,0,0,0,0,1,0,0,1,"0,34",18:00-18:30
2025-12-04,Morning,John,2,100005035.00.03,4000433,702,750,open,na,ok,ok,nok,nok,ok,695,4,2,0,1,0,0,0,7,1,10:00-10:30
2025-12-04,Morning,John,2,100005039.00.04,4000433,702,750,open,na,ok,ok,nok,nok,ok,693,6,2,0,0,1,0,0,9,"1,28",10:00-10:30
2025-12-04,Afternoon,Alex,2,100005035.00.03,4000433,369,720,CLOSED,na,ok,ok,nok,nok,ok,366,1,1,0,0,1,0,0,3,"0,81",18:00-18:30
2025-12-04,Afternoon,Alex,2,100005039.00.04,4000433,369,720,CLOSED,na,ok,ok,nok,ok,ok,368,1,0,0,0,0,0,0,1,"0,27",18:00-18:30
2025-12-04,Afternoon,Alex,2,100005035.00.03,4000437,388,720,open,na,ok,ok,nok,ok,ok,385,2,0,1,0,0,0,0,3,"0,77",18:00-18:30
2025-12-04,Afternoon,Alex,2,100005039.00.04,4000437,388,720,open,na,ok,ok,nok,ok,ok,386,1,0,1,0,0,0,0,2,"0,52",18:00-18:30
2025-12-05,Morning,John,3,100005049.00.03,4000434,716,720,CLOSED,na,ok,ok,nok,nok,ok,709,4,1,2,0,0,0,0,7,"0,98",10:00-10:30
2025-12-05,Morning,John,3,100005051.00.04,4000434,716,720,CLOSED,na,ok,ok,nok,nok,ok,708,4,2,0,0,2,0,0,8,"1,12",10:00-10:30
2025-12-05,Morning,John,3,100005049.00.03,4000438,8,720,open,na,ok,ok,ok,ok,ok,8,0,0,0,0,0,0,0,0,0,10:00-10:30
2025-12-05,Morning,John,3,100005051.00.04,4000438,8,720,open,na,ok,ok,ok,ok,ok,8,0,0,0,0,0,0,0,0,0,10:00-10:30
2025-12-05,Afternoon,Alex,3,100005049.00.03,4000438,708,750,open,na,ok,ok,nok,nok,ok,702,3,1,2,0,0,0,0,6,"0,85",18:00-18:30
2025-12-05,Afternoon,Alex,3,100005051.00.04,4000438,708,750,open,na,ok,ok,nok,nok,ok,701,4,2,0,1,0,0,0,7,"0,99",18:00-18:30
2025-12-08,Morning,John,3,100005049.00.03,4000438,484,720,CLOSED,na,ok,ok,nok,nok,ok,478,3,2,1,0,0,0,0,6,"1,24",10:00-10:30
2025-12-08,Morning,John,3,100005051.00.04,4000438,484,720,CLOSED,na,ok,ok,nok,nok,ok,480,2,1,0,0,1,0,0,4,"0,83",10:00-10:30
2025-12-08,Morning,John,3,100005049.00.03,4000441,261,720,open,na,ok,ok,nok,ok,ok,260,1,0,0,0,0,0,0,1,"0,38",10:00-10:30
2025-12-08,Morning,John,3,100005051.00.04,4000441,261,720,open,na,ok,ok,nok,ok,ok,259,1,0,1,0,0,0,0,2,"0,77",10:00-10:30
2025-12-08,Afternoon,Alex,3,100005049.00.03,4000441,755,750,open,na,ok,ok,nok,nok,ok,745,5,3,2,0,0,0,0,10,"1,32",18:00-18:30
2025-12-08,Afternoon,Alex,3,100005051.00.04,4000441,755,750,open,na,ok,ok,nok,nok,ok,744,7,2,0,0,2,0,0,11,"1,46",18:00-18:30
2025-12-09,Morning,John,1,100005078.00.06,4000439,586,720,CLOSED,ok,ok,ok,nok,nok,ok,580,4,1,0,0,1,0,0,6,"1,02",10:00-10:30
2025-12-09,Morning,John,1,100005081.00.05,4000439,586,720,CLOSED,na,ok,ok,nok,ok,ok,585,1,0,0,0,0,0,0,1,"0,17",10:00-10:30
2025-12-09,Morning,John,1,100005058.00.05,4000439,586,720,CLOSED,na,ok,ok,nok,nok,ok,579,4,1,0,0,2,0,0,7,"1,19",10:00-10:30
2025-12-09,Morning,John,1,100005078.00.06,4000442,150,720,open,ok,ok,ok,ok,nok,ok,149,0,1,0,0,0,0,0,1,"0,67",10:00-10:30
2025-12-09,Morning,John,1,100005081.00.05,4000442,150,720,open,na,ok,ok,nok,nok,ok,147,2,1,0,0,0,0,0,3,2,10:00-10:30
2025-12-09,Morning,John,1,100005058.00.05,4000442,150,720,open,na,ok,ok,nok,nok,ok,148,1,1,0,0,0,0,0,2,"1,33",10:00-10:30
2025-12-09,Afternoon,Alex,1,100005078.00.06,4000442,739,750,open,ok,ok,ok,nok,nok,ok,729,5,3,2,0,0,0,0,10,"1,35",18:00-18:30
2025-12-09,Afternoon,Alex,1,100005081.00.05,4000442,739,750,open,na,ok,ok,nok,nok,ok,730,4,2,3,0,0,0,0,9,"1,22",18:00-18:30
2025-12-09,Afternoon,Alex,1,100005058.00.05,4000442,739,750,open,na,ok,ok,nok,nok,ok,734,3,1,1,0,0,0,0,5,"0,68",18:00-18:30
2025-12-10,Morning,Alex,2,100005035.00.03,4000440,556,720,CLOSED,na,ok,ok,nok,nok,ok,551,3,1,0,1,0,0,0,5,"0,9",10:00-10:30
2025-12-10,Morning,Alex,2,100005039.00.04,4000440,556,720,CLOSED,na,ok,ok,nok,nok,ok,552,2,1,0,1,0,0,0,4,"0,72",10:00-10:30
2025-12-10,Morning,Alex,2,100005035.00.03,4000443,148,720,open,na,ok,ok,nok,nok,ok,146,1,1,0,0,0,0,0,2,"1,35",10:00-10:30
2025-12-10,Morning,Alex,2,100005039.00.04,4000443,148,720,open,na,ok,ok,nok,nok,ok,144,2,1,1,0,0,0,0,4,"2,7",10:00-10:30
2025-12-10,Afternoon,John,2,100005035.00.03,4000443,743,750,open,na,ok,ok,nok,nok,ok,737,4,1,0,0,1,0,0,6,"0,81",18:00-18:30
2025-12-10,Afternoon,John,2,100005039.00.04,4000443,743,750,open,na,ok,ok,nok,nok,ok,737,3,2,1,0,0,0,0,6,"0,81",18:00-18:30
2025-12-11,Morning,Alex,3,100005049.00.03,4000441,184,720,CLOSED,na,ok,ok,nok,ok,ok,183,1,0,0,0,0,0,0,1,"0,54",10:00-10:30
2025-12-11,Morning,Alex,3,100005051.00.04,4000441,184,720,CLOSED,na,ok,ok,nok,nok,ok,181,2,1,0,0,0,0,0,3,"1,63",10:00-10:30
2025-12-11,Morning,Alex,3,100005049.00.03,4000444,529,720,open,na,ok,ok,nok,nok,ok,523,3,2,0,1,0,0,0,6,"1,13",10:00-10:30
2025-12-11,Morning,Alex,3,100005051.00.04,4000444,529,720,open,na,ok,ok,nok,nok,ok,524,3,1,1,0,0,0,0,5,"0,95",10:00-10:30
2025-12-11,Afternoon,John,3,100005049.00.03,4000444,671,720,CLOSED,na,ok,ok,nok,nok,ok,665,3,1,0,2,0,0,0,6,"0,89",18:00-18:30
2025-12-11,Afternoon,John,3,100005051.00.04,4000444,671,720,CLOSED,na,ok,ok,nok,nok,ok,663,4,1,0,3,0,0,0,8,"1,19",18:00-18:30
2025-12-11,Afternoon,John,3,100005049.00.03,4000445,49,720,open,na,ok,ok,ok,ok,ok,49,0,0,0,0,0,0,0,0,0,18:00-18:30
2025-12-11,Afternoon,John,3,100005051.00.04,4000445,49,720,open,na,ok,ok,ok,ok,ok,49,0,0,0,0,0,0,0,0,0,18:00-18:30
2025-12-12,Morning,Alex,1,100005078.00.06,4000442,311,720,CLOSED,ok,ok,ok,nok,nok,ok,309,1,1,0,0,0,0,0,2,"0,64",10:00-10:30
2025-12-12,Morning,Alex,1,100005081.00.05,4000442,311,720,CLOSED,na,ok,ok,nok,nok,ok,309,1,1,0,0,0,0,0,2,"0,64",10:00-10:30
2025-12-12,Morning,Alex,1,100005058.00.05,4000442,311,720,CLOSED,na,ok,ok,nok,nok,ok,308,2,1,0,0,0,0,0,3,"0,96",10:00-10:30
2025-12-12,Morning,Alex,1,100005078.00.06,4000446,422,720,open,ok,ok,ok,nok,nok,ok,418,2,1,1,0,0,0,0,4,"0,95",10:00-10:30
2025-12-12,Morning,Alex,1,100005081.00.05,4000446,422,720,open,na,ok,ok,nok,nok,ok,417,2,2,0,0,1,0,0,5,"1,18",10:00-10:30
2025-12-12,Morning,Alex,1,100005058.00.05,4000446,422,720,open,na,ok,ok,nok,nok,ok,417,3,1,1,0,0,0,0,5,"1,18",10:00-10:30
2025-12-12,Afternoon,John,1,100005078.00.06,4000446,735,750,open,ok,ok,ok,nok,nok,ok,728,4,2,1,0,0,0,0,7,"0,95",18:00-18:30
2025-12-12,Afternoon,John,1,100005081.00.05,4000446,735,750,open,na,ok,ok,nok,nok,ok,728,4,2,0,1,0,0,0,7,"0,95",18:00-18:30
2025-12-12,Afternoon,John,1,100005058.00.05,4000446,735,750,open,na,ok,ok,nok,nok,ok,728,4,1,0,0,2,0,0,7,"0,95",18:00-18:30
2025-12-15,Morning,Alex,1,100005078.00.06,4000446,43,720,CLOSED,ok,ok,ok,ok,ok,ok,43,0,0,0,0,0,0,0,0,0,10:00-10:30
2025-12-15,Morning,Alex,1,100005081.00.05,4000446,43,720,CLOSED,na,ok,ok,ok,ok,ok,43,0,0,0,0,0,0,0,0,0,10:00-10:30
2025-12-15,Morning,Alex,1,100005058.00.05,4000446,43,720,CLOSED,na,ok,ok,nok,ok,ok,42,1,0,0,0,0,0,0,1,"2,33",10:00-10:30
2025-12-15,Morning,Alex,1,100005078.00.06,4000449,714,720,open,ok,ok,ok,nok,nok,ok,707,4,1,2,0,0,0,0,7,"0,98",10:00-10:30
2025-12-15,Morning,Alex,1,100005081.00.05,4000449,714,720,open,na,ok,ok,nok,nok,ok,705,4,2,0,0,3,0,0,9,"1,26",10:00-10:30
2025-12-15,Morning,Alex,1,100005058.00.05,4000449,714,720,open,na,ok,ok,nok,nok,ok,706,4,2,0,2,0,0,0,8,"1,12",10:00-10:30
2025-12-15,Afternoon,John,1,100005078.00.06,4000449,486,720,CLOSED,ok,ok,ok,nok,nok,ok,480,3,2,1,0,0,0,0,6,"1,23",18:00-18:30
2025-12-15,Afternoon,John,1,100005081.00.05,4000449,486,720,CLOSED,na,ok,ok,nok,nok,ok,483,1,1,0,1,0,0,0,3,"0,62",18:00-18:30
2025-12-15,Afternoon,John,1,100005058.00.05,4000449,486,720,CLOSED,na,ok,ok,nok,nok,ok,480,3,1,0,0,2,0,0,6,"1,23",18:00-18:30
2025-12-15,Afternoon,John,1,100005078.00.06,4000450,266,720,open,ok,ok,ok,nok,nok,ok,261,3,1,0,0,1,0,0,5,"1,88",18:00-18:30
2025-12-15,Afternoon,John,1,100005081.00.05,4000450,266,720,open,na,ok,ok,nok,ok,ok,265,1,0,0,0,0,0,0,1,"0,38",18:00-18:30
2025-12-15,Afternoon,John,1,100005058.00.05,4000450,266,720,open,na,ok,ok,nok,ok,ok,265,1,0,0,0,0,0,0,1,"0,38",18:00-18:30
2025-12-16,Morning,Alex,2,100005035.00.03,4000447,8,720,CLOSED,na,ok,ok,ok,ok,ok,8,0,0,0,0,0,0,0,0,0,10:00-10:30
2025-12-16,Morning,Alex,2,100005039.00.04,4000447,8,720,CLOSED,na,ok,ok,ok,ok,ok,8,0,0,0,0,0,0,0,0,0,10:00-10:30
2025-12-16,Morning,Alex,2,100005035.00.03,4000451,730,720,open,na,ok,ok,nok,nok,ok,725,3,1,0,0,1,0,0,5,"0,68",10:00-10:30
2025-12-16,Morning,Alex,2,100005039.00.04,4000451,730,720,open,na,ok,ok,nok,nok,ok,727,2,1,0,0,0,0,0,3,"0,41",10:00-10:30
2025-12-16,Afternoon,John,2,100005035.00.03,4000451,470,720,CLOSED,na,ok,ok,nok,nok,ok,465,3,1,1,0,0,0,0,5,"1,06",18:00-18:30
2025-12-16,Afternoon,John,2,100005039.00.04,4000451,470,720,CLOSED,na,ok,ok,nok,nok,ok,465,2,1,0,2,0,0,0,5,"1,06",18:00-18:30
2025-12-16,Afternoon,John,2,100005035.00.03,4000452,249,720,open,na,ok,ok,nok,nok,ok,245,2,1,0,1,0,0,0,4,"1,61",18:00-18:30
2025-12-16,Afternoon,John,2,100005039.00.04,4000452,249,720,open,na,ok,ok,nok,ok,ok,247,1,0,0,1,0,0,0,2,"0,8",18:00-18:30
2025-12-17,Morning,John,3,100005049.00.03,4000448,700,750,open,na,ok,ok,nok,nok,ok,694,4,1,0,0,1,0,0,6,"0,86",10:00-10:30
2025-12-17,Morning,John,3,100005051.00.04,4000448,700,750,open,na,ok,ok,nok,nok,ok,690,6,2,2,0,0,0,0,10,"1,43",10:00-10:30
2025-12-17,Afternoon,Alex,3,100005049.00.03,4000448,186,720,CLOSED,na,ok,ok,nok,ok,ok,184,1,0,0,0,1,0,0,2,"1,08",18:00-18:30
2025-12-17,Afternoon,Alex,3,100005051.00.04,4000448,186,720,CLOSED,na,ok,ok,nok,ok,ok,185,1,0,0,0,0,0,0,1,"0,54",18:00-18:30
2025-12-17,Afternoon,Alex,3,100005049.00.03,4000453,560,720,open,na,ok,ok,nok,nok,ok,555,3,1,1,0,0,0,0,5,"0,89",18:00-18:30
2025-12-17,Afternoon,Alex,3,100005051.00.04,4000453,560,720,open,na,ok,ok,nok,nok,ok,551,6,2,0,1,0,0,0,9,"1,61",18:00-18:30
2025-12-18,Morning,John,1,100005078.00.06,4000450,762,750,open,ok,ok,ok,nok,nok,ok,757,3,1,0,1,0,0,0,5,"0,66",10:00-10:30
2025-12-18,Morning,John,1,100005081.00.05,4000450,762,750,open,na,ok,ok,nok,nok,ok,755,3,2,0,2,0,0,0,7,"0,92",10:00-10:30
2025-12-18,Morning,John,1,100005058.00.05,4000450,762,750,open,na,ok,ok,nok,nok,ok,751,5,4,0,2,0,0,0,11,"1,44",10:00-10:30
2025-12-18,Afternoon,Alex,1,100005078.00.06,4000450,172,720,CLOSED,ok,ok,ok,ok,ok,ok,172,0,0,0,0,0,0,0,0,0,18:00-18:30
2025-12-18,Afternoon,Alex,1,100005081.00.05,4000450,172,720,CLOSED,na,ok,ok,nok,ok,ok,169,2,0,0,0,1,0,0,3,"1,74",18:00-18:30
2025-12-18,Afternoon,Alex,1,100005058.00.05,4000450,172,720,CLOSED,na,ok,ok,nok,ok,ok,169,2,0,0,0,1,0,0,3,"1,74",18:00-18:30
2025-12-18,Afternoon,Alex,1,100005078.00.06,4000454,566,720,open,ok,ok,ok,nok,nok,ok,562,2,1,0,1,0,0,0,4,"0,71",18:00-18:30
2025-12-18,Afternoon,Alex,1,100005081.00.05,4000454,566,720,open,na,ok,ok,nok,nok,ok,558,5,1,2,0,0,0,0,8,"1,41",18:00-18:30
2025-12-18,Afternoon,Alex,1,100005058.00.05,4000454,566,720,open,na,ok,ok,nok,nok,ok,562,2,1,0,1,0,0,0,4,"0,71",18:00-18:30
2025-12-19,Morning,John,2,100005035.00.03,4000452,743,750,open,na,ok,ok,nok,nok,ok,737,3,1,0,0,2,0,0,6,"0,81",10:00-10:30
2025-12-19,Morning,John,2,100005039.00.04,4000452,743,750,open,na,ok,ok,nok,nok,ok,736,5,1,0,0,1,0,0,7,"0,94",10:00-10:30
2025-12-19,Afternoon,Alex,2,100005035.00.03,4000452,208,720,CLOSED,na,ok,ok,nok,nok,ok,203,2,1,0,2,0,0,0,5,"2,4",18:00-18:30
2025-12-19,Afternoon,Alex,2,100005039.00.04,4000452,208,720,CLOSED,na,ok,ok,nok,nok,ok,202,3,2,0,1,0,0,0,6,"2,88",18:00-18:30
2025-12-19,Afternoon,Alex,2,100005035.00.03,4000456,496,720,open,na,ok,ok,nok,nok,ok,492,2,1,0,0,1,0,0,4,"0,81",18:00-18:30
2025-12-19,Afternoon,Alex,2,100005039.00.04,4000456,496,720,open,na,ok,ok,nok,nok,ok,492,2,1,1,0,0,0,0,4,"0,81",18:00-18:30
2025-12-22,Morning,John,2,100005035.00.03,4000456,704,720,CLOSED,na,ok,ok,nok,nok,ok,696,4,2,0,2,0,0,0,8,"1,14",10:00-10:30
2025-12-22,Morning,John,2,100005039.00.04,4000456,704,720,CLOSED,na,ok,ok,nok,nok,ok,695,4,3,0,2,0,0,0,9,"1,28",10:00-10:30
2025-12-22,Morning,John,2,100005035.00.03,4000459,49,720,open,na,ok,ok,nok,ok,ok,48,1,0,0,0,0,0,0,1,"2,04",10:00-10:30
2025-12-22,Morning,John,2,100005039.00.04,4000459,49,720,open,na,ok,ok,nok,ok,ok,48,1,0,0,0,0,0,0,1,"2,04",10:00-10:30
2025-12-22,Afternoon,Alex,2,100005035.00.03,4000459,751,750,open,na,ok,ok,nok,nok,ok,745,3,2,0,0,1,0,0,6,"0,8",18:00-18:30
2025-12-22,Afternoon,Alex,2,100005039.00.04,4000459,751,750,open,na,ok,ok,nok,nok,ok,740,6,2,3,0,0,0,0,11,"1,46",18:00-18:30
2025-12-23,Morning,John,3,100005049.00.03,4000457,373,720,CLOSED,na,ok,ok,nok,nok,ok,368,3,1,1,0,0,0,0,5,"1,34",10:00-10:30
2025-12-23,Morning,John,3,100005051.00.04,4000457,373,720,CLOSED,na,ok,ok,nok,nok,ok,367,3,1,0,2,0,0,0,6,"1,61",10:00-10:30
2025-12-23,Morning,John,3,100005049.00.03,4000460,334,720,open,na,ok,ok,nok,nok,ok,328,3,1,0,2,0,0,0,6,"1,8",10:00-10:30
2025-12-23,Morning,John,3,100005051.00.04,4000460,334,720,open,na,ok,ok,nok,nok,ok,330,2,1,1,0,0,0,0,4,"1,2",10:00-10:30
2025-12-23,Afternoon,Alex,3,100005049.00.03,4000460,758,750,open,na,ok,ok,nok,nok,ok,752,3,1,2,0,0,0,0,6,"0,79",18:00-18:30
2025-12-23,Afternoon,Alex,3,100005051.00.04,4000460,758,750,open,na,ok,ok,nok,nok,ok,749,6,2,1,0,0,0,0,9,"1,19",18:00-18:30
2025-12-24,Morning,Alex,1,100005078.00.06,4000458,346,720,CLOSED,ok,ok,ok,ok,ok,ok,346,0,0,0,0,0,0,0,0,0,10:00-10:30
2025-12-24,Morning,Alex,1,100005081.00.05,4000458,346,720,CLOSED,na,ok,ok,nok,ok,ok,345,1,0,0,0,0,0,0,1,"0,29",10:00-10:30
2025-12-24,Morning,Alex,1,100005058.00.05,4000458,346,720,CLOSED,na,ok,ok,nok,ok,ok,343,2,0,0,1,0,0,0,3,"0,87",10:00-10:30
2025-12-24,Morning,Alex,1,100005078.00.06,4000461,388,720,open,ok,ok,ok,nok,ok,ok,386,1,0,0,1,0,0,0,2,"0,52",10:00-10:30
2025-12-24,Morning,Alex,1,100005081.00.05,4000461,388,720,open,na,ok,ok,nok,ok,ok,387,1,0,0,0,0,0,0,1,"0,26",10:00-10:30
2025-12-24,Morning,Alex,1,100005058.00.05,4000461,388,720,open,na,ok,ok,nok,nok,ok,385,1,1,0,1,0,0,0,3,"0,77",10:00-10:30
2025-12-24,Afternoon,John,1,100005078.00.06,4000461,759,750,open,ok,ok,ok,nok,nok,ok,749,6,2,0,2,0,0,0,10,"1,32",18:00-18:30
2025-12-24,Afternoon,John,1,100005081.00.05,4000461,759,750,open,na,ok,ok,nok,nok,ok,755,2,1,0,0,1,0,0,4,"0,53",18:00-18:30
2025-12-24,Afternoon,John,1,100005058.00.05,4000461,759,750,open,na,ok,ok,nok,nok,ok,753,3,2,0,0,1,0,0,6,"0,79",18:00-18:30
2025-12-25,Morning,Alex,2,100005035.00.03,4000459,400,720,CLOSED,na,ok,ok,nok,nok,ok,396,2,1,1,0,0,0,0,4,1,10:00-10:30
2025-12-25,Morning,Alex,2,100005039.00.04,4000459,400,720,CLOSED,na,ok,ok,nok,nok,ok,396,2,1,0,1,0,0,0,4,1,10:00-10:30
2025-12-25,Morning,Alex,2,100005035.00.03,4000463,323,720,open,na,ok,ok,nok,nok,ok,321,1,1,0,0,0,0,0,2,"0,62",10:00-10:30
2025-12-25,Morning,Alex,2,100005039.00.04,4000463,323,720,open,na,ok,ok,nok,nok,ok,318,3,1,0,1,0,0,0,5,"1,55",10:00-10:30
2025-12-25,Afternoon,John,2,100005035.00.03,4000463,729,750,open,na,ok,ok,nok,nok,ok,719,6,3,0,0,1,0,0,10,"1,37",18:00-18:30
2025-12-25,Afternoon,John,2,100005039.00.04,4000463,729,750,open,na,ok,ok,nok,nok,ok,723,3,2,1,0,0,0,0,6,"0,82",18:00-18:30
2025-12-26,Morning,Alex,3,100005049.00.03,4000460,108,720,CLOSED,na,ok,ok,nok,ok,ok,106,1,0,1,0,0,0,0,2,"1,85",10:00-10:30
2025-12-26,Morning,Alex,3,100005051.00.04,4000460,108,720,CLOSED,na,ok,ok,ok,ok,ok,107,0,0,1,0,0,0,0,1,"0,93",10:00-10:30
2025-12-26,Morning,Alex,3,100005049.00.03,4000464,594,720,open,na,ok,ok,nok,nok,ok,591,1,1,0,0,1,0,0,3,"0,51",10:00-10:30
2025-12-26,Morning,Alex,3,100005051.00.04,4000464,594,720,open,na,ok,ok,nok,nok,ok,587,3,2,0,2,0,0,0,7,"1,18",10:00-10:30
2025-12-26,Afternoon,John,3,100005049.00.03,4000464,606,720,CLOSED,na,ok,ok,nok,nok,ok,600,3,1,0,2,0,0,0,6,"0,99",18:00-18:30
2025-12-26,Afternoon,John,3,100005051.00.04,4000464,606,720,CLOSED,na,ok,ok,nok,nok,ok,596,6,2,0,0,2,0,0,10,"1,65",18:00-18:30
2025-12-26,Afternoon,John,3,100005049.00.03,4000465,141,720,open,na,ok,ok,ok,ok,ok,141,0,0,0,0,0,0,0,0,0,18:00-18:30
2025-12-26,Afternoon,John,3,100005051.00.04,4000465,141,720,open,na,ok,ok,nok,ok,ok,140,1,0,0,0,0,0,0,1,"0,71",18:00-18:30
2025-12-29,Morning,Alex,3,100005049.00.03,4000465,709,750,open,na,ok,ok,nok,nok,ok,702,4,1,2,0,0,0,0,7,"0,99",10:00-10:30
2025-12-29,Morning,Alex,3,100005051.00.04,4000465,709,750,open,na,ok,ok,nok,nok,ok,703,4,1,0,1,0,0,0,6,"0,85",10:00-10:30
2025-12-29,Afternoon,John,3,100005049.00.03,4000465,350,720,CLOSED,na,ok,ok,nok,nok,ok,343,4,2,0,0,1,0,0,7,2,18:00-18:30
2025-12-29,Afternoon,John,3,100005051.00.04,4000465,350,720,CLOSED,na,ok,ok,nok,nok,ok,345,2,1,0,2,0,0,0,5,"1,43",18:00-18:30
2025-12-29,Afternoon,John,3,100005049.00.03,4000470,402,720,open,na,ok,ok,nok,ok,ok,398,3,0,0,0,1,0,0,4,1,18:00-18:30
2025-12-29,Afternoon,John,3,100005051.00.04,4000470,402,720,open,na,ok,ok,nok,ok,ok,399,2,0,0,1,0,0,0,3,"0,75",18:00-18:30
2025-12-30,Morning,Alex,1,100005078.00.06,4000467,733,750,open,ok,ok,ok,nok,nok,ok,725,4,2,0,0,2,0,0,8,"1,09",10:00-10:30
2025-12-30,Morning,Alex,1,100005081.00.05,4000467,733,750,open,na,ok,ok,nok,nok,ok,726,4,1,2,0,0,0,0,7,"0,95",10:00-10:30
2025-12-30,Morning,Alex,1,100005058.00.05,4000467,733,750,open,na,ok,ok,nok,nok,ok,727,3,2,1,0,0,0,0,6,"0,82",10:00-10:30
2025-12-30,Afternoon,John,1,100005078.00.06,4000467,235,720,CLOSED,ok,ok,ok,nok,ok,ok,233,1,0,1,0,0,0,0,2,"0,85",18:00-18:30
2025-12-30,Afternoon,John,1,100005081.00.05,4000467,235,720,CLOSED,na,ok,ok,nok,nok,ok,232,1,1,0,1,0,0,0,3,"1,28",18:00-18:30
2025-12-30,Afternoon,John,1,100005058.00.05,4000467,235,720,CLOSED,na,ok,ok,nok,nok,ok,233,1,1,0,0,0,0,0,2,"0,85",18:00-18:30
2025-12-30,Afternoon,John,1,100005078.00.06,4000471,516,720,open,ok,ok,ok,nok,nok,ok,509,4,2,0,1,0,0,0,7,"1,36",18:00-18:30
2025-12-30,Afternoon,John,1,100005081.00.05,4000471,516,720,open,na,ok,ok,nok,nok,ok,510,3,1,0,2,0,0,0,6,"1,16",18:00-18:30
2025-12-30,Afternoon,John,1,100005058.00.05,4000471,516,720,open,na,ok,ok,nok,ok,ok,513,2,0,1,0,0,0,0,3,"0,58",18:00-18:30
2025-12-31,Morning,John,2,100005035.00.03,4000469,745,750,open,na,ok,ok,nok,nok,ok,738,4,2,0,0,1,0,0,7,"0,94",10:00-10:30
2025-12-31,Morning,John,2,100005039.00.04,4000469,745,750,open,na,ok,ok,nok,nok,ok,737,4,2,0,2,0,0,0,8,"1,07",10:00-10:30
2025-12-31,Afternoon,Alex,2,100005035.00.03,4000469,329,720,CLOSED,na,ok,ok,nok,nok,ok,325,2,1,0,0,1,0,0,4,"1,22",18:00-18:30
2025-12-31,Afternoon,Alex,2,100005039.00.04,4000469,329,720,CLOSED,na,ok,ok,nok,ok,ok,326,2,0,1,0,0,0,0,3,"0,91",18:00-18:30
2025-12-31,Afternoon,Alex,2,100005035.00.03,4000472,413,720,open,na,ok,ok,nok,nok,ok,405,5,1,0,0,2,0,0,8,"1,94",18:00-18:30
2025-12-31,Afternoon,Alex,2,100005039.00.04,4000472,413,720,open,na,ok,ok,nok,nok,ok,407,3,2,0,0,1,0,0,6,"1,45",18:00-18:30